Workbook

Sheet TT
B1: 43101
A2: Emergence | D2: =D15 -> Ace | E2: =E15 -> Aldinga | F2: =F15 -> Blitz | G2: =G15 -> Bolt | H2: =H15 -> Boomer | I2: =I15 -> CIPAL0901 | J2: =J15 -> CIPAL1504 | K2: =K15 -> CIPAL1701 | ... W2: =W15 -> Nugget
A3: =C17 -> 24AprIrrigated | B3: 43214 | C3: =B3-$B$1 -> 113 | D3: =VLOOKUP($B3+D17,MetData!$A$3:$L$793,12,FALSE)-VLOOKUP($B3,MetData!$A$3:$L$793,12,FALSE) -> 128.45 | E3: =VLOOKUP($B3+E17,MetData!$A$3:$L$793,12,FALSE)-VLOOKUP($B3,MetData!$A$3:$L$793,12,FALSE) -> 128.45 | F3: =VLOOKUP($B3+F17,MetData!$A$3:$L$793,12,FALSE)-VLOOKUP($B3,MetData!$A$3:$L$793,12,FALSE) -> 128.45 | G3: =VLOOKUP($B3+G17,MetData!$A$3:$L$793,12,FALSE)-VLOOKUP($B3,MetData!$A$3:$L$793,12,FALSE) -> 128.45 | H3: =VLOOKUP($B3+H17,MetData!$A$3:$L$793,12,FALSE)-VLOOKUP($B3,MetData!$A$3:$L$793,12,FALSE) -> 128.45 | I3: =VLOOKUP($B3+I17,MetData!$A$3:$L$793,12,FALSE)-VLOOKUP($B3,MetData!$A$3:$L$793,12,FALSE) -> 128.45 | J3: =VLOOKUP($B3+J17,MetData!$A$3:$L$793,12,FALSE)-VLOOKUP($B3,MetData!$A$3:$L$793,12,FALSE) -> 128.45 | K3: =VLOOKUP($B3+K17,MetData!$A$3:$L$793,12,FALSE)-VLOOKUP($B3,MetData!$A$3:$L$793,12,FALSE) -> 128.45 | ... W3: =VLOOKUP($B3+W17,MetData!$A$3:$L$793,12,FALSE)-VLOOKUP($B3,MetData!$A$3:$L$793,12,FALSE) -> 128.45
A4: =C18 -> 24AprRainout | B4: 43214 | C4: =B4-$B$1 -> 113 | D4: =VLOOKUP($B4+D18,MetData!$A$3:$L$793,12,FALSE)-VLOOKUP($B4,MetData!$A$3:$L$793,12,FALSE) -> 128.45 | E4: =VLOOKUP($B4+E18,MetData!$A$3:$L$793,12,FALSE)-VLOOKUP($B4,MetData!$A$3:$L$793,12,FALSE) -> 128.45 | F4: =VLOOKUP($B4+F18,MetData!$A$3:$L$793,12,FALSE)-VLOOKUP($B4,MetData!$A$3:$L$793,12,FALSE) -> 128.45 | G4: =VLOOKUP($B4+G18,MetData!$A$3:$L$793,12,FALSE)-VLOOKUP($B4,MetData!$A$3:$L$793,12,FALSE) -> 128.45 | H4: =VLOOKUP($B4+H18,MetData!$A$3:$L$793,12,FALSE)-VLOOKUP($B4,MetData!$A$3:$L$793,12,FALSE) -> 128.45 | I4: =VLOOKUP($B4+I18,MetData!$A$3:$L$793,12,FALSE)-VLOOKUP($B4,MetData!$A$3:$L$793,12,FALSE) -> 128.45 | J4: =VLOOKUP($B4+J18,MetData!$A$3:$L$793,12,FALSE)-VLOOKUP($B4,MetData!$A$3:$L$793,12,FALSE) -> 128.45 | K4: =VLOOKUP($B4+K18,MetData!$A$3:$L$793,12,FALSE)-VLOOKUP($B4,MetData!$A$3:$L$793,12,FALSE) -> 128.45 | ... W4: =VLOOKUP($B4+W18,MetData!$A$3:$L$793,12,FALSE)-VLOOKUP($B4,MetData!$A$3:$L$793,12,FALSE) -> 128.45
A5: =C19 -> 6JunIrrigated | B5: 43257 | C5: =B5-$B$1 -> 156 | D5: =VLOOKUP($B5+D19,MetData!$A$3:$L$793,12,FALSE)-VLOOKUP($B5,MetData!$A$3:$L$793,12,FALSE) -> 124.55 | E5: =VLOOKUP($B5+E19,MetData!$A$3:$L$793,12,FALSE)-VLOOKUP($B5,MetData!$A$3:$L$793,12,FALSE) -> 124.55 | F5: =VLOOKUP($B5+F19,MetData!$A$3:$L$793,12,FALSE)-VLOOKUP($B5,MetData!$A$3:$L$793,12,FALSE) -> 124.55 | G5: =VLOOKUP($B5+G19,MetData!$A$3:$L$793,12,FALSE)-VLOOKUP($B5,MetData!$A$3:$L$793,12,FALSE) -> 124.55 | H5: =VLOOKUP($B5+H19,MetData!$A$3:$L$793,12,FALSE)-VLOOKUP($B5,MetData!$A$3:$L$793,12,FALSE) -> 124.55 | I5: =VLOOKUP($B5+I19,MetData!$A$3:$L$793,12,FALSE)-VLOOKUP($B5,MetData!$A$3:$L$793,12,FALSE) -> 124.55 | J5: =VLOOKUP($B5+J19,MetData!$A$3:$L$793,12,FALSE)-VLOOKUP($B5,MetData!$A$3:$L$793,12,FALSE) -> 124.55 | K5: =VLOOKUP($B5+K19,MetData!$A$3:$L$793,12,FALSE)-VLOOKUP($B5,MetData!$A$3:$L$793,12,FALSE) -> 124.55 | ... W5: =VLOOKUP($B5+W19,MetData!$A$3:$L$793,12,FALSE)-VLOOKUP($B5,MetData!$A$3:$L$793,12,FALSE) -> 124.55
A6: =C20 -> 6JunRainfed | B6: 43257 | C6: =B6-$B$1 -> 156 | D6: =VLOOKUP($B6+D20,MetData!$A$3:$L$793,12,FALSE)-VLOOKUP($B6,MetData!$A$3:$L$793,12,FALSE) -> 124.55 | E6: =VLOOKUP($B6+E20,MetData!$A$3:$L$793,12,FALSE)-VLOOKUP($B6,MetData!$A$3:$L$793,12,FALSE) -> 124.55 | F6: =VLOOKUP($B6+F20,MetData!$A$3:$L$793,12,FALSE)-VLOOKUP($B6,MetData!$A$3:$L$793,12,FALSE) -> 124.55 | G6: =VLOOKUP($B6+G20,MetData!$A$3:$L$793,12,FALSE)-VLOOKUP($B6,MetData!$A$3:$L$793,12,FALSE) -> 124.55 | H6: =VLOOKUP($B6+H20,MetData!$A$3:$L$793,12,FALSE)-VLOOKUP($B6,MetData!$A$3:$L$793,12,FALSE) -> 124.55 | I6: =VLOOKUP($B6+I20,MetData!$A$3:$L$793,12,FALSE)-VLOOKUP($B6,MetData!$A$3:$L$793,12,FALSE) -> 124.55 | J6: =VLOOKUP($B6+J20,MetData!$A$3:$L$793,12,FALSE)-VLOOKUP($B6,MetData!$A$3:$L$793,12,FALSE) -> 124.55 | K6: =VLOOKUP($B6+K20,MetData!$A$3:$L$793,12,FALSE)-VLOOKUP($B6,MetData!$A$3:$L$793,12,FALSE) -> 124.55 | ... W6: =VLOOKUP($B6+W20,MetData!$A$3:$L$793,12,FALSE)-VLOOKUP($B6,MetData!$A$3:$L$793,12,FALSE) -> 124.55
A8: =C22 -> 29AprIrrigated | B8: 43584 | C8: =B8-$B$1-365 -> 118 | D8: =VLOOKUP($B8+D22,MetData!$A$3:$L$793,12,FALSE)-VLOOKUP($B8,MetData!$A$3:$L$793,12,FALSE) -> 131.1 | E8: =VLOOKUP($B8+E22,MetData!$A$3:$L$793,12,FALSE)-VLOOKUP($B8,MetData!$A$3:$L$793,12,FALSE) -> 131.1 | F8: =VLOOKUP($B8+F22,MetData!$A$3:$L$793,12,FALSE)-VLOOKUP($B8,MetData!$A$3:$L$793,12,FALSE) -> 131.1 | G8: =VLOOKUP($B8+G22,MetData!$A$3:$L$793,12,FALSE)-VLOOKUP($B8,MetData!$A$3:$L$793,12,FALSE) -> 131.1 | H8: =VLOOKUP($B8+H22,MetData!$A$3:$L$793,12,FALSE)-VLOOKUP($B8,MetData!$A$3:$L$793,12,FALSE) -> 131.1 | I8: =VLOOKUP($B8+I22,MetData!$A$3:$L$793,12,FALSE)-VLOOKUP($B8,MetData!$A$3:$L$793,12,FALSE) -> 131.1 | J8: =VLOOKUP($B8+J22,MetData!$A$3:$L$793,12,FALSE)-VLOOKUP($B8,MetData!$A$3:$L$793,12,FALSE) -> 131.1 | K8: =VLOOKUP($B8+K22,MetData!$A$3:$L$793,12,FALSE)-VLOOKUP($B8,MetData!$A$3:$L$793,12,FALSE) -> 131.1 | ... W8: =VLOOKUP($B8+W22,MetData!$A$3:$L$793,12,FALSE)-VLOOKUP($B8,MetData!$A$3:$L$793,12,FALSE) -> 131.1
A9: =C23 -> 29AprRainout | B9: 43584 | C9: =B9-$B$1-365 -> 118 | D9: =VLOOKUP($B9+D23,MetData!$A$3:$L$793,12,FALSE)-VLOOKUP($B9,MetData!$A$3:$L$793,12,FALSE) -> 131.1 | E9: =VLOOKUP($B9+E23,MetData!$A$3:$L$793,12,FALSE)-VLOOKUP($B9,MetData!$A$3:$L$793,12,FALSE) -> 131.1 | F9: =VLOOKUP($B9+F23,MetData!$A$3:$L$793,12,FALSE)-VLOOKUP($B9,MetData!$A$3:$L$793,12,FALSE) -> 131.1 | G9: =VLOOKUP($B9+G23,MetData!$A$3:$L$793,12,FALSE)-VLOOKUP($B9,MetData!$A$3:$L$793,12,FALSE) -> 131.1 | H9: =VLOOKUP($B9+H23,MetData!$A$3:$L$793,12,FALSE)-VLOOKUP($B9,MetData!$A$3:$L$793,12,FALSE) -> 131.1 | I9: =VLOOKUP($B9+I23,MetData!$A$3:$L$793,12,FALSE)-VLOOKUP($B9,MetData!$A$3:$L$793,12,FALSE) -> 131.1 | J9: =VLOOKUP($B9+J23,MetData!$A$3:$L$793,12,FALSE)-VLOOKUP($B9,MetData!$A$3:$L$793,12,FALSE) -> 131.1 | K9: =VLOOKUP($B9+K23,MetData!$A$3:$L$793,12,FALSE)-VLOOKUP($B9,MetData!$A$3:$L$793,12,FALSE) -> 131.1 | ... W9: =VLOOKUP($B9+W23,MetData!$A$3:$L$793,12,FALSE)-VLOOKUP($B9,MetData!$A$3:$L$793,12,FALSE) -> 131.1
A10: =C24 -> 24JunIrrigated | B10: 43640 | C10: =B10-$B$1-365 -> 174 | D10: =VLOOKUP($B10+D24,MetData!$A$3:$L$793,12,FALSE)-VLOOKUP($B10,MetData!$A$3:$L$793,12,FALSE) -> 133.6 | E10: =VLOOKUP($B10+E24,MetData!$A$3:$L$793,12,FALSE)-VLOOKUP($B10,MetData!$A$3:$L$793,12,FALSE) -> 133.6 | F10: =VLOOKUP($B10+F24,MetData!$A$3:$L$793,12,FALSE)-VLOOKUP($B10,MetData!$A$3:$L$793,12,FALSE) -> 133.6 | G10: =VLOOKUP($B10+G24,MetData!$A$3:$L$793,12,FALSE)-VLOOKUP($B10,MetData!$A$3:$L$793,12,FALSE) -> 133.6 | H10: =VLOOKUP($B10+H24,MetData!$A$3:$L$793,12,FALSE)-VLOOKUP($B10,MetData!$A$3:$L$793,12,FALSE) -> 133.6 | I10: =VLOOKUP($B10+I24,MetData!$A$3:$L$793,12,FALSE)-VLOOKUP($B10,MetData!$A$3:$L$793,12,FALSE) -> 133.6 | J10: =VLOOKUP($B10+J24,MetData!$A$3:$L$793,12,FALSE)-VLOOKUP($B10,MetData!$A$3:$L$793,12,FALSE) -> 133.6 | K10: =VLOOKUP($B10+K24,MetData!$A$3:$L$793,12,FALSE)-VLOOKUP($B10,MetData!$A$3:$L$793,12,FALSE) -> 133.6 | ... W10: =VLOOKUP($B10+W24,MetData!$A$3:$L$793,12,FALSE)-VLOOKUP($B10,MetData!$A$3:$L$793,12,FALSE) -> 133.6
A11: =C25 -> 24JunRainfed | B11: 43640 | C11: =B11-$B$1-365 -> 174 | D11: =VLOOKUP($B11+D25,MetData!$A$3:$L$793,12,FALSE)-VLOOKUP($B11,MetData!$A$3:$L$793,12,FALSE) -> 133.6 | E11: =VLOOKUP($B11+E25,MetData!$A$3:$L$793,12,FALSE)-VLOOKUP($B11,MetData!$A$3:$L$793,12,FALSE) -> 133.6 | F11: =VLOOKUP($B11+F25,MetData!$A$3:$L$793,12,FALSE)-VLOOKUP($B11,MetData!$A$3:$L$793,12,FALSE) -> 133.6 | G11: =VLOOKUP($B11+G25,MetData!$A$3:$L$793,12,FALSE)-VLOOKUP($B11,MetData!$A$3:$L$793,12,FALSE) -> 133.6 | H11: =VLOOKUP($B11+H25,MetData!$A$3:$L$793,12,FALSE)-VLOOKUP($B11,MetData!$A$3:$L$793,12,FALSE) -> 133.6 | I11: =VLOOKUP($B11+I25,MetData!$A$3:$L$793,12,FALSE)-VLOOKUP($B11,MetData!$A$3:$L$793,12,FALSE) -> 133.6 | J11: =VLOOKUP($B11+J25,MetData!$A$3:$L$793,12,FALSE)-VLOOKUP($B11,MetData!$A$3:$L$793,12,FALSE) -> 133.6 | K11: =VLOOKUP($B11+K25,MetData!$A$3:$L$793,12,FALSE)-VLOOKUP($B11,MetData!$A$3:$L$793,12,FALSE) -> 133.6 | ... W11: =VLOOKUP($B11+W25,MetData!$A$3:$L$793,12,FALSE)-VLOOKUP($B11,MetData!$A$3:$L$793,12,FALSE) -> 133.6
C14: Sum of Lentil.Phenology.EmergenceDAS | D14: Column Labels
C15: Row Labels | D15: Ace | E15: Aldinga | F15: Blitz | G15: Bolt | H15: Boomer | I15: CIPAL0901 | J15: CIPAL1504 | K15: CIPAL1701 | L15: Commando | M15: Flash | N15: Giant | O15: Greenfield | P15: Hurricane | Q15: Indianhead | R15: Jumbo | S15: Jumbo2 | T15: Matilda | U15: Nipper | V15: Northfield | W15: Nugget
C16: Roseworthy2018
C17: 24AprIrrigated | D17: 9 | E17: 9 | F17: 9 | G17: 9 | H17: 9 | I17: 9 | J17: 9 | K17: 9 | L17: 9 | M17: 9 | N17: 9 | O17: 9 | P17: 9 | Q17: 9 | R17: 9 | S17: 9 | T17: 9 | U17: 9 | V17: 9 | W17: 9
C18: 24AprRainout | D18: 9 | E18: 9 | F18: 9 | G18: 9 | H18: 9 | I18: 9 | J18: 9 | K18: 9 | L18: 9 | M18: 9 | N18: 9 | O18: 9 | P18: 9 | Q18: 9 | R18: 9 | S18: 9 | T18: 9 | U18: 9 | V18: 9 | W18: 9
C19: 6JunIrrigated | D19: 13 | E19: 13 | F19: 13 | G19: 13 | H19: 13 | I19: 13 | J19: 13 | K19: 13 | L19: 13 | M19: 13 | N19: 13 | O19: 13 | P19: 13 | Q19: 13 | R19: 13 | S19: 13 | T19: 13 | U19: 13 | V19: 13 | W19: 13
C20: 6JunRainfed | D20: 13 | E20: 13 | F20: 13 | G20: 13 | H20: 13 | I20: 13 | J20: 13 | K20: 13 | L20: 13 | M20: 13 | N20: 13 | O20: 13 | P20: 13 | Q20: 13 | R20: 13 | S20: 13 | T20: 13 | U20: 13 | V20: 13 | W20: 13
C21: Roseworthy2019
C22: 29AprIrrigated | D22: 12 | E22: 12 | F22: 12 | G22: 12 | H22: 12 | I22: 12 | J22: 12 | K22: 12 | L22: 12 | M22: 12 | N22: 12 | O22: 12 | P22: 12 | Q22: 12 | R22: 12 | S22: 12 | T22: 12 | U22: 12 | V22: 12 | W22: 12
C23: 29AprRainout | D23: 12 | E23: 12 | F23: 12 | G23: 12 | H23: 12 | I23: 12 | J23: 12 | K23: 12 | L23: 12 | M23: 12 | N23: 12 | O23: 12 | P23: 12 | Q23: 12 | R23: 12 | S23: 12 | T23: 12 | U23: 12 | V23: 12 | W23: 12
C24: 24JunIrrigated | D24: 14 | E24: 14 | F24: 14 | G24: 14 | H24: 14 | I24: 14 | J24: 14 | K24: 14 | L24: 14 | M24: 14 | N24: 14 | O24: 14 | P24: 14 | Q24: 14 | R24: 14 | S24: 14 | T24: 14 | U24: 14 | V24: 14 | W24: 14
C25: 24JunRainfed | D25: 14 | E25: 14 | F25: 14 | G25: 14 | H25: 14 | I25: 14 | J25: 14 | K25: 14 | L25: 14 | M25: 14 | N25: 14 | O25: 14 | P25: 14 | Q25: 14 | R25: 14 | S25: 14 | T25: 14 | U25: 14 | V25: 14 | W25: 14
A27: Emergence to flowering | D27: =D40 -> Ace | E27: =E40 -> Aldinga | F27: =F40 -> Blitz | G27: =G40 -> Bolt | H27: =H40 -> Boomer | I27: =I40 -> CIPAL0901 | J27: =J40 -> CIPAL1504 | K27: =K40 -> CIPAL1701 | ... W27: =W40 -> Nugget
A28: =C42 -> 24AprIrrigated | B28: 43214 | C28: =B28-$B$1 -> 113 | D28: =VLOOKUP($B28+ROUND(D42,0),MetData!$A$3:$L$793,12,FALSE)-VLOOKUP($B28,MetData!$A$3:$L$793,12,FALSE)-D3 -> 841.5 | E28: =VLOOKUP($B28+ROUND(E42,0),MetData!$A$3:$L$793,12,FALSE)-VLOOKUP($B28,MetData!$A$3:$L$793,12,FALSE)-E3 -> 1068.2 | F28: =VLOOKUP($B28+ROUND(F42,0),MetData!$A$3:$L$793,12,FALSE)-VLOOKUP($B28,MetData!$A$3:$L$793,12,FALSE)-F3 -> 760.2 | G28: =VLOOKUP($B28+ROUND(G42,0),MetData!$A$3:$L$793,12,FALSE)-VLOOKUP($B28,MetData!$A$3:$L$793,12,FALSE)-G3 -> 862.1 | H28: =VLOOKUP($B28+ROUND(H42,0),MetData!$A$3:$L$793,12,FALSE)-VLOOKUP($B28,MetData!$A$3:$L$793,12,FALSE)-H3 -> 958.55 | I28: =VLOOKUP($B28+ROUND(I42,0),MetData!$A$3:$L$793,12,FALSE)-VLOOKUP($B28,MetData!$A$3:$L$793,12,FALSE)-I3 -> 831.1 | J28: =VLOOKUP($B28+ROUND(J42,0),MetData!$A$3:$L$793,12,FALSE)-VLOOKUP($B28,MetData!$A$3:$L$793,12,FALSE)-J3 -> 935.35 | K28: =VLOOKUP($B28+ROUND(K42,0),MetData!$A$3:$L$793,12,FALSE)-VLOOKUP($B28,MetData!$A$3:$L$793,12,FALSE)-K3 -> 853.65 | ... W28: =VLOOKUP($B28+ROUND(W42,0),MetData!$A$3:$L$793,12,FALSE)-VLOOKUP($B28,MetData!$A$3:$L$793,12,FALSE)-W3 -> 1061.5 | AG28: Negative means dry treatments are flowering earlier that irrigated
A29: =C47 -> 29AprIrrigated | B29: 43584 | C29: =B29-$B$1-365 -> 118 | D29: =VLOOKUP($B29+ROUND(D43,0),MetData!$A$3:$L$793,12,FALSE)-VLOOKUP($B29,MetData!$A$3:$L$793,12,FALSE)-D4 -> 855.6 | E29: =VLOOKUP($B29+ROUND(E43,0),MetData!$A$3:$L$793,12,FALSE)-VLOOKUP($B29,MetData!$A$3:$L$793,12,FALSE)-E4 -> 1001.4 | F29: =VLOOKUP($B29+ROUND(F43,0),MetData!$A$3:$L$793,12,FALSE)-VLOOKUP($B29,MetData!$A$3:$L$793,12,FALSE)-F4 -> 759.5 | G29: =VLOOKUP($B29+ROUND(G43,0),MetData!$A$3:$L$793,12,FALSE)-VLOOKUP($B29,MetData!$A$3:$L$793,12,FALSE)-G4 -> 835.45 | H29: =VLOOKUP($B29+ROUND(H43,0),MetData!$A$3:$L$793,12,FALSE)-VLOOKUP($B29,MetData!$A$3:$L$793,12,FALSE)-H4 -> 808.65 | I29: =VLOOKUP($B29+ROUND(I43,0),MetData!$A$3:$L$793,12,FALSE)-VLOOKUP($B29,MetData!$A$3:$L$793,12,FALSE)-I4 -> 784.7 | J29: =VLOOKUP($B29+ROUND(J43,0),MetData!$A$3:$L$793,12,FALSE)-VLOOKUP($B29,MetData!$A$3:$L$793,12,FALSE)-J4 -> 883.25 | K29: =VLOOKUP($B29+ROUND(K43,0),MetData!$A$3:$L$793,12,FALSE)-VLOOKUP($B29,MetData!$A$3:$L$793,12,FALSE)-K4 -> 818.9 | M29: =VLOOKUP($B29+ROUND(M43,0),MetData!$A$3:$L$793,12,FALSE)-VLOOKUP($B29,MetData!$A$3:$L$793,12,FALSE)-M4 -> 962.5 | N29: =VLOOKUP($B29+ROUND(N43,0),MetData!$A$3:$L$793,12,FALSE)-VLOOKUP($B29,MetData!$A$3:$L$793,12,FALSE)-N4 -> 808.65 | O29: =VLOOKUP($B29+ROUND(O43,0),MetData!$A$3:$L$793,12,FALSE)-VLOOKUP($B29,MetData!$A$3:$L$793,12,FALSE)-O4 -> 855.6 | P29: =VLOOKUP($B29+ROUND(P43,0),MetData!$A$3:$L$793,12,FALSE)-VLOOKUP($B29,MetData!$A$3:$L$793,12,FALSE)-P4 -> 847.7 | Q29: =VLOOKUP($B29+ROUND(Q43,0),MetData!$A$3:$L$793,12,FALSE)-VLOOKUP($B29,MetData!$A$3:$L$793,12,FALSE)-Q4 -> 1086.5 | R29: =VLOOKUP($B29+ROUND(R43,0),MetData!$A$3:$L$793,12,FALSE)-VLOOKUP($B29,MetData!$A$3:$L$793,12,FALSE)-R4 -> 987.65 | S29: =VLOOKUP($B29+ROUND(S43,0),MetData!$A$3:$L$793,12,FALSE)-VLOOKUP($B29,MetData!$A$3:$L$793,12,FALSE)-S4 -> 818.9 | T29: =VLOOKUP($B29+ROUND(T43,0),MetData!$A$3:$L$793,12,FALSE)-VLOOKUP($B29,MetData!$A$3:$L$793,12,FALSE)-T4 -> 883.25 | ... W29: =VLOOKUP($B29+ROUND(W43,0),MetData!$A$3:$L$793,12,FALSE)-VLOOKUP($B29,MetData!$A$3:$L$793,12,FALSE)-W4 -> 993.5
A30: =C44 -> 6JunIrrigated | B30: 43257 | C30: =B30-$B$1 -> 156 | D30: =VLOOKUP($B30+ROUND(D44,0),MetData!$A$3:$L$793,12,FALSE)-VLOOKUP($B30,MetData!$A$3:$L$793,12,FALSE)-D5 -> 780.65 | E30: =VLOOKUP($B30+ROUND(E44,0),MetData!$A$3:$L$793,12,FALSE)-VLOOKUP($B30,MetData!$A$3:$L$793,12,FALSE)-E5 -> 807.25 | F30: =VLOOKUP($B30+ROUND(F44,0),MetData!$A$3:$L$793,12,FALSE)-VLOOKUP($B30,MetData!$A$3:$L$793,12,FALSE)-F5 -> 740.45 | G30: =VLOOKUP($B30+ROUND(G44,0),MetData!$A$3:$L$793,12,FALSE)-VLOOKUP($B30,MetData!$A$3:$L$793,12,FALSE)-G5 -> 772.85 | H30: =VLOOKUP($B30+ROUND(H44,0),MetData!$A$3:$L$793,12,FALSE)-VLOOKUP($B30,MetData!$A$3:$L$793,12,FALSE)-H5 -> 780.65 | I30: =VLOOKUP($B30+ROUND(I44,0),MetData!$A$3:$L$793,12,FALSE)-VLOOKUP($B30,MetData!$A$3:$L$793,12,FALSE)-I5 -> 713.45 | J30: =VLOOKUP($B30+ROUND(J44,0),MetData!$A$3:$L$793,12,FALSE)-VLOOKUP($B30,MetData!$A$3:$L$793,12,FALSE)-J5 -> 797.2 | K30: =VLOOKUP($B30+ROUND(K44,0),MetData!$A$3:$L$793,12,FALSE)-VLOOKUP($B30,MetData!$A$3:$L$793,12,FALSE)-K5 -> 713.45 | ... W30: =VLOOKUP($B30+ROUND(W44,0),MetData!$A$3:$L$793,12,FALSE)-VLOOKUP($B30,MetData!$A$3:$L$793,12,FALSE)-W5 -> 807.25
A31: =C49 -> 24JunIrrigated | B31: 43640 | C31: =B31-$B$1-365 -> 174 | D31: =VLOOKUP($B31+ROUND(D45,0),MetData!$A$3:$L$793,12,FALSE)-VLOOKUP($B31,MetData!$A$3:$L$793,12,FALSE)-D6 -> 850.6 | E31: =VLOOKUP($B31+ROUND(E45,0),MetData!$A$3:$L$793,12,FALSE)-VLOOKUP($B31,MetData!$A$3:$L$793,12,FALSE)-E6 -> 888.55 | F31: =VLOOKUP($B31+ROUND(F45,0),MetData!$A$3:$L$793,12,FALSE)-VLOOKUP($B31,MetData!$A$3:$L$793,12,FALSE)-F6 -> 721.65 | G31: =VLOOKUP($B31+ROUND(G45,0),MetData!$A$3:$L$793,12,FALSE)-VLOOKUP($B31,MetData!$A$3:$L$793,12,FALSE)-G6 -> 815.85 | H31: =VLOOKUP($B31+ROUND(H45,0),MetData!$A$3:$L$793,12,FALSE)-VLOOKUP($B31,MetData!$A$3:$L$793,12,FALSE)-H6 -> 795.05 | I31: =VLOOKUP($B31+ROUND(I45,0),MetData!$A$3:$L$793,12,FALSE)-VLOOKUP($B31,MetData!$A$3:$L$793,12,FALSE)-I6 -> 734.9 | J31: =VLOOKUP($B31+ROUND(J45,0),MetData!$A$3:$L$793,12,FALSE)-VLOOKUP($B31,MetData!$A$3:$L$793,12,FALSE)-J6 -> 830.45 | K31: =VLOOKUP($B31+ROUND(K45,0),MetData!$A$3:$L$793,12,FALSE)-VLOOKUP($B31,MetData!$A$3:$L$793,12,FALSE)-K6 -> 734.9 | ... W31: =VLOOKUP($B31+ROUND(W45,0),MetData!$A$3:$L$793,12,FALSE)-VLOOKUP($B31,MetData!$A$3:$L$793,12,FALSE)-W6 -> 888.55
C39: Average of Lentil.Phenology.StartOfFloweringDAS | D39: Column Labels
C40: Row Labels | D40: Ace | E40: Aldinga | F40: Blitz | G40: Bolt | H40: Boomer | I40: CIPAL0901 | J40: CIPAL1504 | K40: CIPAL1701 | L40: Commando | M40: Flash | N40: Giant | O40: Greenfield | P40: Hurricane | Q40: Indianhead | R40: Jumbo | S40: Jumbo2 | T40: Matilda | U40: Nipper | V40: Northfield | W40: Nugget
C41: Roseworthy2018
C42: 24AprIrrigated | D42: 99 | E42: 125.33333 | F42: 91 | G42: 100.66667 | H42: 111.66667 | I42: 98 | J42: 109.33333 | K42: 100.33333 | L42: 147.33333 | M42: 116.33333 | N42: 97 | O42: 113.66667 | P42: 104.66667 | Q42: 150 | R42: 124 | S42: 112 | T42: 116.66667 | U42: 137 | V42: 138.33333 | W42: 124.33333
C43: 24AprRainout | D43: 104.33333 | E43: 123 | F43: 91.333333 | G43: 101 | H43: 98 | I43: 95.333333 | J43: 108 | K43: 98.666667 | M43: 117.33333 | N43: 98.333333 | O43: 104.33333 | P43: 103 | Q43: 131.33333 | R43: 121 | S43: 99.333333 | T43: 108.33333 | U43: 126 | V43: 128 | W43: 122
C44: 6JunIrrigated | D44: 101.33333 | E44: 103.66667 | F44: 97 | G44: 100.33333 | H44: 100.66667 | I44: 95.333333 | J44: 103.33333 | K44: 95.333333 | L44: 124 | M44: 103.66667 | N44: 100.66667 | O44: 102.33333 | P44: 104.66667 | Q44: 119 | R44: 101.66667 | S44: 99.666667 | T44: 102.33333 | U44: 105.66667 | V44: 104.33333 | W44: 103.66667
C45: 6JunRainfed | D45: 102 | E45: 103.66667 | F45: 93.333333 | G45: 100.33333 | H45: 99 | I45: 94 | J45: 101.33333 | K45: 93.666667 | L45: 125 | M45: 99 | N45: 96.333333 | O45: 102.66667 | P45: 103.33333 | Q45: 122.33333 | R45: 101.33333 | S45: 100.66667 | T45: 102 | U45: 106.33333 | V45: 104.66667 | W45: 104
C46: Roseworthy2019
C47: 29AprIrrigated | D47: 116.33333 | E47: 130 | F47: 99 | G47: 114.33333 | H47: 122.66667 | I47: 105.33333 | J47: 119.33333 | K47: 95.666667 | L47: 162 | M47: 119 | N47: 111.33333 | O47: 116.33333 | P47: 118.33333 | Q47: 157.66667 | R47: 119.66667 | S47: 119.66667 | T47: 125.33333 | U47: 132 | V47: 134 | W47: 126
C48: 29AprRainout | D48: 115.66667 | E48: 123 | F48: 101 | G48: 112 | H48: 121 | I48: 103.66667 | J48: 117.33333 | K48: 99.333333 | L48: 145.33333 | M48: 119 | N48: 111 | O48: 123 | P48: 114.66667 | Q48: 137.66667 | R48: 116.33333 | S48: 117.66667 | T48: 116.66667 | U48: 125.33333 | V48: 130.33333 | W48: 122.33333
C49: 24JunIrrigated | D49: 90.333333 | E49: 95.5 | F49: 85.666667 | G49: 88 | H49: 92.5 | I49: 86.666667 | J49: 89 | K49: 84 | L49: 101.5 | M49: 88.5 | N49: 89 | O49: 95.333333 | P49: 89 | Q49: 104 | R49: 92.333333 | S49: 86.5 | T49: 88.75 | U49: 92.333333 | V49: 99 | W49: 90.5
C50: 24JunRainfed | D50: 96 | E50: 98.333333 | F50: 89.333333 | G50: 96 | H50: 107.33333 | I50: 93 | J50: 98.666667 | K50: 85.666667 | L50: 100.33333 | M50: 105 | N50: 93 | O50: 97.333333 | P50: 99 | Q50: 116 | R50: 96.666667 | S50: 97 | U50: 100 | V50: 99.666667 | W50: 96
A53: Flowering to Pod emergence | D53: =D66 -> Ace | E53: =E66 -> Aldinga | F53: =F66 -> Blitz | G53: =G66 -> Bolt | H53: =H66 -> Boomer | I53: =I66 -> CIPAL0901 | J53: =J66 -> CIPAL1504 | K53: =K66 -> CIPAL1701 | ... W53: =W66 -> Nugget
A54: =C68 -> 24AprIrrigated | B54: 43214 | C54: =B54-$B$1 -> 113 | D54: =VLOOKUP($B54+ROUND(D68,0),MetData!$A$3:$L$793,12,FALSE)-VLOOKUP($B54,MetData!$A$3:$L$793,12,FALSE)-D28 -> 237.35 | E54: =VLOOKUP($B54+ROUND(E68,0),MetData!$A$3:$L$793,12,FALSE)-VLOOKUP($B54,MetData!$A$3:$L$793,12,FALSE)-E28 -> 266.25 | F54: =VLOOKUP($B54+ROUND(F68,0),MetData!$A$3:$L$793,12,FALSE)-VLOOKUP($B54,MetData!$A$3:$L$793,12,FALSE)-F28 -> 251.15 | G54: =VLOOKUP($B54+ROUND(G68,0),MetData!$A$3:$L$793,12,FALSE)-VLOOKUP($B54,MetData!$A$3:$L$793,12,FALSE)-G28 -> 243.05 | H54: =VLOOKUP($B54+ROUND(H68,0),MetData!$A$3:$L$793,12,FALSE)-VLOOKUP($B54,MetData!$A$3:$L$793,12,FALSE)-H28 -> 224 | I54: =VLOOKUP($B54+ROUND(I68,0),MetData!$A$3:$L$793,12,FALSE)-VLOOKUP($B54,MetData!$A$3:$L$793,12,FALSE)-I28 -> 247.75 | J54: =VLOOKUP($B54+ROUND(J68,0),MetData!$A$3:$L$793,12,FALSE)-VLOOKUP($B54,MetData!$A$3:$L$793,12,FALSE)-J28 -> 287.45 | K54: =VLOOKUP($B54+ROUND(K68,0),MetData!$A$3:$L$793,12,FALSE)-VLOOKUP($B54,MetData!$A$3:$L$793,12,FALSE)-K28 -> 233.35 | ... W54: =VLOOKUP($B54+ROUND(W68,0),MetData!$A$3:$L$793,12,FALSE)-VLOOKUP($B54,MetData!$A$3:$L$793,12,FALSE)-W28 -> 296.15
A55: =C73 -> 29AprIrrigated | B55: 43584 | C55: =B55-$B$1-365 -> 118 | D55: =VLOOKUP($B55+ROUND(D69,0),MetData!$A$3:$L$793,12,FALSE)-VLOOKUP($B55,MetData!$A$3:$L$793,12,FALSE)-D29 -> 207.45 | E55: =VLOOKUP($B55+ROUND(E69,0),MetData!$A$3:$L$793,12,FALSE)-VLOOKUP($B55,MetData!$A$3:$L$793,12,FALSE)-E29 -> 239.6 | F55: =VLOOKUP($B55+ROUND(F69,0),MetData!$A$3:$L$793,12,FALSE)-VLOOKUP($B55,MetData!$A$3:$L$793,12,FALSE)-F29 -> 211.25 | G55: =VLOOKUP($B55+ROUND(G69,0),MetData!$A$3:$L$793,12,FALSE)-VLOOKUP($B55,MetData!$A$3:$L$793,12,FALSE)-G29 -> 236.75 | H55: =VLOOKUP($B55+ROUND(H69,0),MetData!$A$3:$L$793,12,FALSE)-VLOOKUP($B55,MetData!$A$3:$L$793,12,FALSE)-H29 -> 222.65 | I55: =VLOOKUP($B55+ROUND(I69,0),MetData!$A$3:$L$793,12,FALSE)-VLOOKUP($B55,MetData!$A$3:$L$793,12,FALSE)-I29 -> 254.9 | J55: =VLOOKUP($B55+ROUND(J69,0),MetData!$A$3:$L$793,12,FALSE)-VLOOKUP($B55,MetData!$A$3:$L$793,12,FALSE)-J29 -> 226.2 | K55: =VLOOKUP($B55+ROUND(K69,0),MetData!$A$3:$L$793,12,FALSE)-VLOOKUP($B55,MetData!$A$3:$L$793,12,FALSE)-K29 -> 203.4 | M55: =VLOOKUP($B55+ROUND(M69,0),MetData!$A$3:$L$793,12,FALSE)-VLOOKUP($B55,MetData!$A$3:$L$793,12,FALSE)-M29 -> 222.6 | N55: =VLOOKUP($B55+ROUND(N69,0),MetData!$A$3:$L$793,12,FALSE)-VLOOKUP($B55,MetData!$A$3:$L$793,12,FALSE)-N29 -> 236.5 | O55: =VLOOKUP($B55+ROUND(O69,0),MetData!$A$3:$L$793,12,FALSE)-VLOOKUP($B55,MetData!$A$3:$L$793,12,FALSE)-O29 -> 285.35 | P55: =VLOOKUP($B55+ROUND(P69,0),MetData!$A$3:$L$793,12,FALSE)-VLOOKUP($B55,MetData!$A$3:$L$793,12,FALSE)-P29 -> 224.5 | Q55: =VLOOKUP($B55+ROUND(Q69,0),MetData!$A$3:$L$793,12,FALSE)-VLOOKUP($B55,MetData!$A$3:$L$793,12,FALSE)-Q29 -> 239.75 | R55: =VLOOKUP($B55+ROUND(R69,0),MetData!$A$3:$L$793,12,FALSE)-VLOOKUP($B55,MetData!$A$3:$L$793,12,FALSE)-R29 -> 227.3 | S55: =VLOOKUP($B55+ROUND(S69,0),MetData!$A$3:$L$793,12,FALSE)-VLOOKUP($B55,MetData!$A$3:$L$793,12,FALSE)-S29 -> 220.7 | T55: =VLOOKUP($B55+ROUND(T69,0),MetData!$A$3:$L$793,12,FALSE)-VLOOKUP($B55,MetData!$A$3:$L$793,12,FALSE)-T29 -> 213.45 | ... W55: =VLOOKUP($B55+ROUND(W69,0),MetData!$A$3:$L$793,12,FALSE)-VLOOKUP($B55,MetData!$A$3:$L$793,12,FALSE)-W29 -> 221.45
A56: =C70 -> 6JunIrrigated | B56: 43257 | C56: =B56-$B$1 -> 156 | D56: =VLOOKUP($B56+ROUND(D70,0),MetData!$A$3:$L$793,12,FALSE)-VLOOKUP($B56,MetData!$A$3:$L$793,12,FALSE)-D30 -> 244.95 | E56: =VLOOKUP($B56+ROUND(E70,0),MetData!$A$3:$L$793,12,FALSE)-VLOOKUP($B56,MetData!$A$3:$L$793,12,FALSE)-E30 -> 227.75 | F56: =VLOOKUP($B56+ROUND(F70,0),MetData!$A$3:$L$793,12,FALSE)-VLOOKUP($B56,MetData!$A$3:$L$793,12,FALSE)-F30 -> 198.4 | G56: =VLOOKUP($B56+ROUND(G70,0),MetData!$A$3:$L$793,12,FALSE)-VLOOKUP($B56,MetData!$A$3:$L$793,12,FALSE)-G30 -> 243.3 | H56: =VLOOKUP($B56+ROUND(H70,0),MetData!$A$3:$L$793,12,FALSE)-VLOOKUP($B56,MetData!$A$3:$L$793,12,FALSE)-H30 -> 211.3 | I56: =VLOOKUP($B56+ROUND(I70,0),MetData!$A$3:$L$793,12,FALSE)-VLOOKUP($B56,MetData!$A$3:$L$793,12,FALSE)-I30 -> 218.35 | J56: =VLOOKUP($B56+ROUND(J70,0),MetData!$A$3:$L$793,12,FALSE)-VLOOKUP($B56,MetData!$A$3:$L$793,12,FALSE)-J30 -> 141.65 | K56: =VLOOKUP($B56+ROUND(K70,0),MetData!$A$3:$L$793,12,FALSE)-VLOOKUP($B56,MetData!$A$3:$L$793,12,FALSE)-K30 -> 218.35 | ... W56: =VLOOKUP($B56+ROUND(W70,0),MetData!$A$3:$L$793,12,FALSE)-VLOOKUP($B56,MetData!$A$3:$L$793,12,FALSE)-W30 -> 235.7
A57: =C75 -> 24JunIrrigated | B57: 43640 | C57: =B57-$B$1-365 -> 174 | D57: =VLOOKUP($B57+ROUND(D71,0),MetData!$A$3:$L$793,12,FALSE)-VLOOKUP($B57,MetData!$A$3:$L$793,12,FALSE)-D31 -> 234.9 | E57: =VLOOKUP($B57+ROUND(E71,0),MetData!$A$3:$L$793,12,FALSE)-VLOOKUP($B57,MetData!$A$3:$L$793,12,FALSE)-E31 -> 253.15 | F57: =VLOOKUP($B57+ROUND(F71,0),MetData!$A$3:$L$793,12,FALSE)-VLOOKUP($B57,MetData!$A$3:$L$793,12,FALSE)-F31 -> 291.45 | G57: =VLOOKUP($B57+ROUND(G71,0),MetData!$A$3:$L$793,12,FALSE)-VLOOKUP($B57,MetData!$A$3:$L$793,12,FALSE)-G31 -> 240.55 | H57: =VLOOKUP($B57+ROUND(H71,0),MetData!$A$3:$L$793,12,FALSE)-VLOOKUP($B57,MetData!$A$3:$L$793,12,FALSE)-H31 -> 249.3 | I57: =VLOOKUP($B57+ROUND(I71,0),MetData!$A$3:$L$793,12,FALSE)-VLOOKUP($B57,MetData!$A$3:$L$793,12,FALSE)-I31 -> 278.2 | J57: =VLOOKUP($B57+ROUND(J71,0),MetData!$A$3:$L$793,12,FALSE)-VLOOKUP($B57,MetData!$A$3:$L$793,12,FALSE)-J31 -> 273.6 | K57: =VLOOKUP($B57+ROUND(K71,0),MetData!$A$3:$L$793,12,FALSE)-VLOOKUP($B57,MetData!$A$3:$L$793,12,FALSE)-K31 -> 278.2 | ... W57: =VLOOKUP($B57+ROUND(W71,0),MetData!$A$3:$L$793,12,FALSE)-VLOOKUP($B57,MetData!$A$3:$L$793,12,FALSE)-W31 -> 264.25
C65: Average of Lentil.Phenology.PodEmergenceDAS | D65: Column Labels
C66: Row Labels | D66: Ace | E66: Aldinga | F66: Blitz | G66: Bolt | H66: Boomer | I66: CIPAL0901 | J66: CIPAL1504 | K66: CIPAL1701 | L66: Commando | M66: Flash | N66: Giant | O66: Greenfield | P66: Hurricane | Q66: Indianhead | R66: Jumbo | S66: Jumbo2 | T66: Matilda | U66: Nipper | V66: Northfield | W66: Nugget
C67: Roseworthy2018
C68: 24AprIrrigated | D68: 110.66667 | E68: 139.33333 | F68: 102.66667 | G68: 113.66667 | H68: 123 | I68: 111 | J68: 126.66667 | K68: 111.66667 | L68: 170 | M68: 128.66667 | N68: 107.66667 | O68: 127 | P68: 119.33333 | Q68: 170 | R68: 137.33333 | S68: 124.33333 | T68: 128.33333 | U68: 145.33333 | V68: 154.66667 | W68: 141
C69: 24AprRainout | D69: 114 | E69: 134.33333 | F69: 102 | G69: 114.66667 | H69: 110 | I69: 110.66667 | J69: 120.33333 | K69: 109 | M69: 127.66667 | N69: 112 | O69: 123.66667 | P69: 115.33333 | Q69: 141 | R69: 131.33333 | S69: 110.66667 | T69: 118 | U69: 134 | V69: 138.33333 | W69: 130.66667
C70: 6JunIrrigated | D70: 112.66667 | E70: 114 | F70: 105 | G70: 112.33333 | H70: 109.66667 | I70: 104.33333 | J70: 105 | K70: 104.33333 | L70: 127.66667 | M70: 115.66667 | N70: 109.33333 | O70: 113.66667 | P70: 107.33333 | Q70: 125.33333 | R70: 114 | S70: 111 | T70: 112.33333 | U70: 115 | V70: 117.33333 | W70: 115
C71: 6JunRainfed | D71: 110.33333 | E71: 113.66667 | F71: 104.33333 | G71: 108 | H71: 107.33333 | I71: 104 | J71: 111 | K71: 104.33333 | L71: 129 | M71: 109 | N71: 106 | O71: 113.66667 | P71: 118.33333 | Q71: 127.66667 | R71: 111 | S71: 111 | T71: 111 | U71: 117.66667 | V71: 118.33333 | W71: 115
C72: Roseworthy2019
C73: 29AprIrrigated | D73: 128.33333 | E73: 142.33333 | F73: 112 | G73: 127 | H73: 137.66667 | I73: 117.66667 | J73: 134.33333 | K73: 109.66667 | L73: 168.33333 | M73: 123.33333 | N73: 126 | O73: 128 | P73: 122.66667 | Q73: 166.33333 | R73: 134.33333 | S73: 132.33333 | T73: 136.66667 | U73: 144 | V73: 144 | W73: 138.66667
C74: 29AprRainout | D74: 126.66667 | E74: 131.33333 | F74: 112.66667 | G74: 123.33333 | H74: 130 | I74: 115.66667 | J74: 128.66667 | K74: 112 | L74: 153.33333 | M74: 129.66667 | N74: 123 | O74: 131.33333 | P74: 125 | Q74: 146.33333 | R74: 126 | S74: 128.66667 | T74: 127.66667 | U74: 134 | V74: 140 | W74: 132.33333
C75: 24JunIrrigated | D75: 97.333333 | E75: 101.5 | F75: 94 | G75: 95.5 | H75: 99.5 | I75: 94.666667 | J75: 97 | K75: 93.5 | L75: 107 | M75: 95 | N75: 97.333333 | O75: 100 | P75: 97 | Q75: 109.33333 | R75: 98 | S75: 95.5 | T75: 96.75 | U75: 99 | V75: 104.5 | W75: 98.75
C76: 24JunRainfed | D76: 102.66667 | E76: 104.33333 | F76: 106.66667 | G76: 102 | H76: 104 | I76: 98 | J76: 105 | K76: 96 | L76: 106.66667 | M76: 103.25 | N76: 100 | O76: 103 | P76: 104.66667 | Q76: 123 | R76: 103.33333 | S76: 102.5 | U76: 105 | V76: 105.33333 | W76: 101
A79: Flowering duration | D79: =D92 -> Ace | E79: =E92 -> Aldinga | F79: =F92 -> Blitz | G79: =G92 -> Bolt | H79: =H92 -> Boomer | I79: =I92 -> CIPAL0901 | J79: =J92 -> CIPAL1504 | K79: =K92 -> CIPAL1701 | ... W79: =W92 -> Nugget
A80: =C94 -> 24AprIrrigated | B80: 43214 | C80: =B80-$B$1 -> 113 | D80: =VLOOKUP($B80+ROUND(D94,0),MetData!$A$3:$L$793,12,FALSE)-VLOOKUP($B80,MetData!$A$3:$L$793,12,FALSE)-D28-D3 -> 973.95 | E80: =VLOOKUP($B80+ROUND(E94,0),MetData!$A$3:$L$793,12,FALSE)-VLOOKUP($B80,MetData!$A$3:$L$793,12,FALSE)-E28-E3 -> 747.25 | F80: =VLOOKUP($B80+ROUND(F94,0),MetData!$A$3:$L$793,12,FALSE)-VLOOKUP($B80,MetData!$A$3:$L$793,12,FALSE)-F28-F3 -> 554.75 | G80: =VLOOKUP($B80+ROUND(G94,0),MetData!$A$3:$L$793,12,FALSE)-VLOOKUP($B80,MetData!$A$3:$L$793,12,FALSE)-G28-G3 -> 795.1 | H80: =VLOOKUP($B80+ROUND(H94,0),MetData!$A$3:$L$793,12,FALSE)-VLOOKUP($B80,MetData!$A$3:$L$793,12,FALSE)-H28-H3 -> 856.9 | I80: =VLOOKUP($B80+ROUND(I94,0),MetData!$A$3:$L$793,12,FALSE)-VLOOKUP($B80,MetData!$A$3:$L$793,12,FALSE)-I28-I3 -> 628.35 | J80: =VLOOKUP($B80+ROUND(J94,0),MetData!$A$3:$L$793,12,FALSE)-VLOOKUP($B80,MetData!$A$3:$L$793,12,FALSE)-J28-J3 -> 880.1 | K80: =VLOOKUP($B80+ROUND(K94,0),MetData!$A$3:$L$793,12,FALSE)-VLOOKUP($B80,MetData!$A$3:$L$793,12,FALSE)-K28-K3 -> 961.8 | ... W80: =VLOOKUP($B80+ROUND(W94,0),MetData!$A$3:$L$793,12,FALSE)-VLOOKUP($B80,MetData!$A$3:$L$793,12,FALSE)-W28-W3 -> 753.95
A81: =C99 -> 29AprIrrigated | B81: 43584 | C81: =B81-$B$1-365 -> 118 | D81: =VLOOKUP($B81+ROUND(D95,0),MetData!$A$3:$L$793,12,FALSE)-VLOOKUP($B81,MetData!$A$3:$L$793,12,FALSE)-D29-D4 -> 352.35 | E81: =VLOOKUP($B81+ROUND(E95,0),MetData!$A$3:$L$793,12,FALSE)-VLOOKUP($B81,MetData!$A$3:$L$793,12,FALSE)-E29-E4 -> 206.55 | F81: =VLOOKUP($B81+ROUND(F95,0),MetData!$A$3:$L$793,12,FALSE)-VLOOKUP($B81,MetData!$A$3:$L$793,12,FALSE)-F29-F4 -> 297.15 | G81: =VLOOKUP($B81+ROUND(G95,0),MetData!$A$3:$L$793,12,FALSE)-VLOOKUP($B81,MetData!$A$3:$L$793,12,FALSE)-G29-G4 -> 289.85 | H81: =VLOOKUP($B81+ROUND(H95,0),MetData!$A$3:$L$793,12,FALSE)-VLOOKUP($B81,MetData!$A$3:$L$793,12,FALSE)-H29-H4 -> 277.85 | I81: =VLOOKUP($B81+ROUND(I95,0),MetData!$A$3:$L$793,12,FALSE)-VLOOKUP($B81,MetData!$A$3:$L$793,12,FALSE)-I29-I4 -> 312.15 | J81: =VLOOKUP($B81+ROUND(J95,0),MetData!$A$3:$L$793,12,FALSE)-VLOOKUP($B81,MetData!$A$3:$L$793,12,FALSE)-J29-J4 -> 298.75 | K81: =VLOOKUP($B81+ROUND(K95,0),MetData!$A$3:$L$793,12,FALSE)-VLOOKUP($B81,MetData!$A$3:$L$793,12,FALSE)-K29-K4 -> 249.85 | M81: =VLOOKUP($B81+ROUND(M95,0),MetData!$A$3:$L$793,12,FALSE)-VLOOKUP($B81,MetData!$A$3:$L$793,12,FALSE)-M29-M4 -> 235.3 | N81: =VLOOKUP($B81+ROUND(N95,0),MetData!$A$3:$L$793,12,FALSE)-VLOOKUP($B81,MetData!$A$3:$L$793,12,FALSE)-N29-N4 -> 303.9 | O81: =VLOOKUP($B81+ROUND(O95,0),MetData!$A$3:$L$793,12,FALSE)-VLOOKUP($B81,MetData!$A$3:$L$793,12,FALSE)-O29-O4 -> 342.2 | P81: =VLOOKUP($B81+ROUND(P95,0),MetData!$A$3:$L$793,12,FALSE)-VLOOKUP($B81,MetData!$A$3:$L$793,12,FALSE)-P29-P4 -> 277.6 | Q81: =VLOOKUP($B81+ROUND(Q95,0),MetData!$A$3:$L$793,12,FALSE)-VLOOKUP($B81,MetData!$A$3:$L$793,12,FALSE)-Q29-Q4 -> 524.65 | R81: =VLOOKUP($B81+ROUND(R95,0),MetData!$A$3:$L$793,12,FALSE)-VLOOKUP($B81,MetData!$A$3:$L$793,12,FALSE)-R29-R4 -> 210.15 | S81: =VLOOKUP($B81+ROUND(S95,0),MetData!$A$3:$L$793,12,FALSE)-VLOOKUP($B81,MetData!$A$3:$L$793,12,FALSE)-S29-S4 -> 363.1 | T81: =VLOOKUP($B81+ROUND(T95,0),MetData!$A$3:$L$793,12,FALSE)-VLOOKUP($B81,MetData!$A$3:$L$793,12,FALSE)-T29-T4 -> 255.7 | ... W81: =VLOOKUP($B81+ROUND(W95,0),MetData!$A$3:$L$793,12,FALSE)-VLOOKUP($B81,MetData!$A$3:$L$793,12,FALSE)-W29-W4 -> 169.05
A82: =C96 -> 6JunIrrigated | B82: 43257 | C82: =B82-$B$1 -> 156 | D82: =VLOOKUP($B82+ROUND(D96,0),MetData!$A$3:$L$793,12,FALSE)-VLOOKUP($B82,MetData!$A$3:$L$793,12,FALSE)-D30-D5 -> 324 | E82: =VLOOKUP($B82+ROUND(E96,0),MetData!$A$3:$L$793,12,FALSE)-VLOOKUP($B82,MetData!$A$3:$L$793,12,FALSE)-E30-E5 -> 315.4 | F82: =VLOOKUP($B82+ROUND(F96,0),MetData!$A$3:$L$793,12,FALSE)-VLOOKUP($B82,MetData!$A$3:$L$793,12,FALSE)-F30-F5 -> 404.3 | G82: =VLOOKUP($B82+ROUND(G96,0),MetData!$A$3:$L$793,12,FALSE)-VLOOKUP($B82,MetData!$A$3:$L$793,12,FALSE)-G30-G5 -> 392.35 | H82: =VLOOKUP($B82+ROUND(H96,0),MetData!$A$3:$L$793,12,FALSE)-VLOOKUP($B82,MetData!$A$3:$L$793,12,FALSE)-H30-H5 -> 364.1 | I82: =VLOOKUP($B82+ROUND(I96,0),MetData!$A$3:$L$793,12,FALSE)-VLOOKUP($B82,MetData!$A$3:$L$793,12,FALSE)-I30-I5 -> 375.4 | J82: =VLOOKUP($B82+ROUND(J96,0),MetData!$A$3:$L$793,12,FALSE)-VLOOKUP($B82,MetData!$A$3:$L$793,12,FALSE)-J30-J5 -> 347.55 | K82: =VLOOKUP($B82+ROUND(K96,0),MetData!$A$3:$L$793,12,FALSE)-VLOOKUP($B82,MetData!$A$3:$L$793,12,FALSE)-K30-K5 -> 340.35 | ... W82: =VLOOKUP($B82+ROUND(W96,0),MetData!$A$3:$L$793,12,FALSE)-VLOOKUP($B82,MetData!$A$3:$L$793,12,FALSE)-W30-W5 -> 337.5
A83: =C101 -> 24JunIrrigated | B83: 43640 | C83: =B83-$B$1-365 -> 174 | D83: =VLOOKUP($B83+ROUND(D97,0),MetData!$A$3:$L$793,12,FALSE)-VLOOKUP($B83,MetData!$A$3:$L$793,12,FALSE)-D31-D6 -> 431.1 | E83: =VLOOKUP($B83+ROUND(E97,0),MetData!$A$3:$L$793,12,FALSE)-VLOOKUP($B83,MetData!$A$3:$L$793,12,FALSE)-E31-E6 -> 343.05 | F83: =VLOOKUP($B83+ROUND(F97,0),MetData!$A$3:$L$793,12,FALSE)-VLOOKUP($B83,MetData!$A$3:$L$793,12,FALSE)-F31-F6 -> 453.6 | G83: =VLOOKUP($B83+ROUND(G97,0),MetData!$A$3:$L$793,12,FALSE)-VLOOKUP($B83,MetData!$A$3:$L$793,12,FALSE)-G31-G6 -> 393.05 | H83: =VLOOKUP($B83+ROUND(H97,0),MetData!$A$3:$L$793,12,FALSE)-VLOOKUP($B83,MetData!$A$3:$L$793,12,FALSE)-H31-H6 -> 413.85 | I83: =VLOOKUP($B83+ROUND(I97,0),MetData!$A$3:$L$793,12,FALSE)-VLOOKUP($B83,MetData!$A$3:$L$793,12,FALSE)-I31-I6 -> 474 | J83: =VLOOKUP($B83+ROUND(J97,0),MetData!$A$3:$L$793,12,FALSE)-VLOOKUP($B83,MetData!$A$3:$L$793,12,FALSE)-J31-J6 -> 451.25 | K83: =VLOOKUP($B83+ROUND(K97,0),MetData!$A$3:$L$793,12,FALSE)-VLOOKUP($B83,MetData!$A$3:$L$793,12,FALSE)-K31-K6 -> 440.35 | ... W83: =VLOOKUP($B83+ROUND(W97,0),MetData!$A$3:$L$793,12,FALSE)-VLOOKUP($B83,MetData!$A$3:$L$793,12,FALSE)-W31-W6 -> 393.15
C91: Sum of Lentil.Phenology.EndOfFloweringDAS | D91: Column Labels
C92: Row Labels | D92: Ace | E92: Aldinga | F92: Blitz | G92: Bolt | H92: Boomer | I92: CIPAL0901 | J92: CIPAL1504 | K92: CIPAL1701 | L92: Commando | M92: Flash | N92: Giant | O92: Greenfield | P92: Hurricane | Q92: Indianhead | R92: Jumbo | S92: Jumbo2 | T92: Matilda | U92: Nipper | V92: Northfield | W92: Nugget
C93: Roseworthy2018
C94: 24AprIrrigated | D94: 186 | E94: 186 | F94: 150.33333 | G94: 174.66667 | H94: 186 | I94: 162.33333 | J94: 186 | K94: 186 | L94: 191 | M94: 186 | N94: 186 | O94: 186 | P94: 174.66667 | Q94: 191 | R94: 186 | S94: 186 | T94: 186 | U94: 186 | V94: 186 | W94: 186
C95: 24AprRainout | D95: 142 | E95: 142 | F95: 128 | G95: 135.33333 | H95: 131.33333 | I95: 131.66667 | J95: 139 | K95: 128.66667 | M95: 140.66667 | N95: 134.33333 | O95: 140.66667 | P95: 135 | Q95: 173 | R95: 140.66667 | S95: 139 | T95: 136 | U95: 140.66667 | V95: 144 | W95: 138.33333
C96: 6JunIrrigated | D96: 128 | E96: 128.66667 | F96: 130.33333 | G96: 131.33333 | H96: 130 | I96: 127 | J96: 130 | K96: 124 | L96: 142.66667 | M96: 130.66667 | N96: 130 | O96: 136.33333 | P96: 130 | Q96: 149 | R96: 128.33333 | S96: 127.66667 | T96: 129.66667 | U96: 128.66667 | V96: 130 | W96: 130
C97: 6JunRainfed | D97: 130 | E97: 128.33333 | F97: 125 | G97: 126.66667 | H97: 126.66667 | I97: 126.66667 | J97: 130 | K97: 125 | L97: 137.33333 | M97: 127.33333 | N97: 127.33333 | O97: 130 | P97: 130.66667 | Q97: 136.33333 | R97: 130 | S97: 130 | T97: 128.33333 | U97: 130 | V97: 129 | W97: 130
C98: Roseworthy2019
C99: 29AprIrrigated | D99: 169 | E99: 172 | F99: 164.33333 | G99: 164.33333 | H99: 168.66667 | I99: 163 | J99: 170.33333 | K99: 165.66667 | L99: 181 | M99: 169.33333 | N99: 166.66667 | O99: 164.66667 | P99: 164.33333 | Q99: 181 | R99: 166 | S99: 168.66667 | T99: 163.33333 | U99: 172.66667 | V99: 163 | W99: 166
C100: 29AprRainout | D100: 144 | E100: 148 | F100: 141 | G100: 141.33333 | H100: 149 | I100: 142.33333 | J100: 148 | K100: 140.33333 | L100: 163.33333 | M100: 142.66667 | N100: 141.66667 | O100: 148.66667 | P100: 140 | Q100: 157.33333 | R100: 141.66667 | S100: 148.33333 | T100: 141.66667 | U100: 143.66667 | V100: 150.33333 | W100: 144
C101: 24JunIrrigated | D101: 108 | E101: 115 | F101: 108.33333 | G101: 106.5 | H101: 113 | I101: 108 | J101: 110.5 | K101: 107 | L101: 126 | M101: 108 | N101: 110.66667 | O101: 114 | P101: 107.33333 | Q101: 126 | R101: 114 | S101: 107 | T101: 109.75 | U101: 114 | V101: 111.5 | W101: 114
C102: 24JunRainfed | D102: 122.33333 | E102: 124 | F102: 119.66667 | G102: 124 | H102: 124 | I102: 122 | J102: 124 | K102: 120 | L102: 124 | M102: 124 | N102: 124 | O102: 120.66667 | P102: 124 | Q102: 124 | R102: 124 | S102: 124 | U102: 124 | V102: 124 | W102: 124
A104: End Flowering to Maturity | D104: =D117 -> Ace | E104: =E117 -> Aldinga | F104: =F117 -> Blitz | G104: =G117 -> Bolt | H104: =H117 -> Boomer | I104: =I117 -> CIPAL0901 | J104: =J117 -> CIPAL1504 | K104: =K117 -> CIPAL1701 | ... W104: =W117 -> Nugget
A105: =C119 -> 24AprIrrigated | B105: 43214 | C105: =B105-$B$1 -> 113 | D105: =VLOOKUP($B105+ROUND(D119,0),MetData!$A$3:$L$793,12,FALSE)-VLOOKUP($B105,MetData!$A$3:$L$793,12,FALSE)-D80-D28-D3 -> 417.6 | E105: =VLOOKUP($B105+ROUND(E119,0),MetData!$A$3:$L$793,12,FALSE)-VLOOKUP($B105,MetData!$A$3:$L$793,12,FALSE)-E80-E28-E3 -> 417.6 | F105: =VLOOKUP($B105+ROUND(F119,0),MetData!$A$3:$L$793,12,FALSE)-VLOOKUP($B105,MetData!$A$3:$L$793,12,FALSE)-F80-F28-F3 -> 918.1 | G105: =VLOOKUP($B105+ROUND(G119,0),MetData!$A$3:$L$793,12,FALSE)-VLOOKUP($B105,MetData!$A$3:$L$793,12,FALSE)-G80-G28-G3 -> 575.85 | H105: =VLOOKUP($B105+ROUND(H119,0),MetData!$A$3:$L$793,12,FALSE)-VLOOKUP($B105,MetData!$A$3:$L$793,12,FALSE)-H80-H28-H3 -> 417.6 | I105: =VLOOKUP($B105+ROUND(I119,0),MetData!$A$3:$L$793,12,FALSE)-VLOOKUP($B105,MetData!$A$3:$L$793,12,FALSE)-I80-I28-I3 -> 773.6 | J105: =VLOOKUP($B105+ROUND(J119,0),MetData!$A$3:$L$793,12,FALSE)-VLOOKUP($B105,MetData!$A$3:$L$793,12,FALSE)-J80-J28-J3 -> 417.6 | K105: =VLOOKUP($B105+ROUND(K119,0),MetData!$A$3:$L$793,12,FALSE)-VLOOKUP($B105,MetData!$A$3:$L$793,12,FALSE)-K80-K28-K3 -> 417.6 | ... W105: =VLOOKUP($B105+ROUND(W119,0),MetData!$A$3:$L$793,12,FALSE)-VLOOKUP($B105,MetData!$A$3:$L$793,12,FALSE)-W80-W28-W3 -> 417.6
A106: =C124 -> 29AprIrrigated | B106: 43584 | C106: =B106-$B$1-365 -> 118 | D106: =VLOOKUP($B106+ROUND(D120,0),MetData!$A$3:$L$793,12,FALSE)-VLOOKUP($B106,MetData!$A$3:$L$793,12,FALSE)-D81-D29-D4 -> 272.65 | E106: =VLOOKUP($B106+ROUND(E120,0),MetData!$A$3:$L$793,12,FALSE)-VLOOKUP($B106,MetData!$A$3:$L$793,12,FALSE)-E81-E29-E4 -> 427.45 | F106: =VLOOKUP($B106+ROUND(F120,0),MetData!$A$3:$L$793,12,FALSE)-VLOOKUP($B106,MetData!$A$3:$L$793,12,FALSE)-F81-F29-F4 -> 250.95 | G106: =VLOOKUP($B106+ROUND(G120,0),MetData!$A$3:$L$793,12,FALSE)-VLOOKUP($B106,MetData!$A$3:$L$793,12,FALSE)-G81-G29-G4 -> 336.65 | H106: =VLOOKUP($B106+ROUND(H120,0),MetData!$A$3:$L$793,12,FALSE)-VLOOKUP($B106,MetData!$A$3:$L$793,12,FALSE)-H81-H29-H4 -> 362.85 | I106: =VLOOKUP($B106+ROUND(I120,0),MetData!$A$3:$L$793,12,FALSE)-VLOOKUP($B106,MetData!$A$3:$L$793,12,FALSE)-I81-I29-I4 -> 279.8 | J106: =VLOOKUP($B106+ROUND(J120,0),MetData!$A$3:$L$793,12,FALSE)-VLOOKUP($B106,MetData!$A$3:$L$793,12,FALSE)-J81-J29-J4 -> 371.55 | K106: =VLOOKUP($B106+ROUND(K120,0),MetData!$A$3:$L$793,12,FALSE)-VLOOKUP($B106,MetData!$A$3:$L$793,12,FALSE)-K81-K29-K4 -> 257.2 | M106: =VLOOKUP($B106+ROUND(M120,0),MetData!$A$3:$L$793,12,FALSE)-VLOOKUP($B106,MetData!$A$3:$L$793,12,FALSE)-M81-M29-M4 -> 282.8 | N106: =VLOOKUP($B106+ROUND(N120,0),MetData!$A$3:$L$793,12,FALSE)-VLOOKUP($B106,MetData!$A$3:$L$793,12,FALSE)-N81-N29-N4 -> 336.8 | O106: =VLOOKUP($B106+ROUND(O120,0),MetData!$A$3:$L$793,12,FALSE)-VLOOKUP($B106,MetData!$A$3:$L$793,12,FALSE)-O81-O29-O4 -> 294.85 | P106: =VLOOKUP($B106+ROUND(P120,0),MetData!$A$3:$L$793,12,FALSE)-VLOOKUP($B106,MetData!$A$3:$L$793,12,FALSE)-P81-P29-P4 -> 286.1 | Q106: =VLOOKUP($B106+ROUND(Q120,0),MetData!$A$3:$L$793,12,FALSE)-VLOOKUP($B106,MetData!$A$3:$L$793,12,FALSE)-Q81-Q29-Q4 -> 86.5 | R106: =VLOOKUP($B106+ROUND(R120,0),MetData!$A$3:$L$793,12,FALSE)-VLOOKUP($B106,MetData!$A$3:$L$793,12,FALSE)-R81-R29-R4 -> 294.85 | S106: =VLOOKUP($B106+ROUND(S120,0),MetData!$A$3:$L$793,12,FALSE)-VLOOKUP($B106,MetData!$A$3:$L$793,12,FALSE)-S81-S29-S4 -> 209.25 | T106: =VLOOKUP($B106+ROUND(T120,0),MetData!$A$3:$L$793,12,FALSE)-VLOOKUP($B106,MetData!$A$3:$L$793,12,FALSE)-T81-T29-T4 -> 366.95 | ... W106: =VLOOKUP($B106+ROUND(W120,0),MetData!$A$3:$L$793,12,FALSE)-VLOOKUP($B106,MetData!$A$3:$L$793,12,FALSE)-W81-W29-W4 -> 377.75
A107: =C121 -> 6JunIrrigated | B107: 43257 | C107: =B107-$B$1 -> 156 | D107: =VLOOKUP($B107+ROUND(D121,0),MetData!$A$3:$L$793,12,FALSE)-VLOOKUP($B107,MetData!$A$3:$L$793,12,FALSE)-D82-D30-D5 -> 259.8 | E107: =VLOOKUP($B107+ROUND(E121,0),MetData!$A$3:$L$793,12,FALSE)-VLOOKUP($B107,MetData!$A$3:$L$793,12,FALSE)-E82-E30-E5 -> 257.9 | F107: =VLOOKUP($B107+ROUND(F121,0),MetData!$A$3:$L$793,12,FALSE)-VLOOKUP($B107,MetData!$A$3:$L$793,12,FALSE)-F82-F30-F5 -> 190.75 | G107: =VLOOKUP($B107+ROUND(G121,0),MetData!$A$3:$L$793,12,FALSE)-VLOOKUP($B107,MetData!$A$3:$L$793,12,FALSE)-G82-G30-G5 -> 199.25 | H107: =VLOOKUP($B107+ROUND(H121,0),MetData!$A$3:$L$793,12,FALSE)-VLOOKUP($B107,MetData!$A$3:$L$793,12,FALSE)-H82-H30-H5 -> 235.8 | I107: =VLOOKUP($B107+ROUND(I121,0),MetData!$A$3:$L$793,12,FALSE)-VLOOKUP($B107,MetData!$A$3:$L$793,12,FALSE)-I82-I30-I5 -> 233 | J107: =VLOOKUP($B107+ROUND(J121,0),MetData!$A$3:$L$793,12,FALSE)-VLOOKUP($B107,MetData!$A$3:$L$793,12,FALSE)-J82-J30-J5 -> 235.8 | K107: =VLOOKUP($B107+ROUND(K121,0),MetData!$A$3:$L$793,12,FALSE)-VLOOKUP($B107,MetData!$A$3:$L$793,12,FALSE)-K82-K30-K5 -> 193.4 | ... W107: =VLOOKUP($B107+ROUND(W121,0),MetData!$A$3:$L$793,12,FALSE)-VLOOKUP($B107,MetData!$A$3:$L$793,12,FALSE)-W82-W30-W5 -> 235.8
A108: =C126 -> 24JunIrrigated | B108: 43640 | C108: =B108-$B$1-365 -> 174 | D108: =VLOOKUP($B108+ROUND(D122,0),MetData!$A$3:$L$793,12,FALSE)-VLOOKUP($B108,MetData!$A$3:$L$793,12,FALSE)-D83-D31-D6 -> 153.9 | E108: =VLOOKUP($B108+ROUND(E122,0),MetData!$A$3:$L$793,12,FALSE)-VLOOKUP($B108,MetData!$A$3:$L$793,12,FALSE)-E83-E31-E6 -> 268.35 | F108: =VLOOKUP($B108+ROUND(F122,0),MetData!$A$3:$L$793,12,FALSE)-VLOOKUP($B108,MetData!$A$3:$L$793,12,FALSE)-F83-F31-F6 -> 247.3 | G108: =VLOOKUP($B108+ROUND(G122,0),MetData!$A$3:$L$793,12,FALSE)-VLOOKUP($B108,MetData!$A$3:$L$793,12,FALSE)-G83-G31-G6 -> 213.65 | H108: =VLOOKUP($B108+ROUND(H122,0),MetData!$A$3:$L$793,12,FALSE)-VLOOKUP($B108,MetData!$A$3:$L$793,12,FALSE)-H83-H31-H6 -> 226.7 | I108: =VLOOKUP($B108+ROUND(I122,0),MetData!$A$3:$L$793,12,FALSE)-VLOOKUP($B108,MetData!$A$3:$L$793,12,FALSE)-I83-I31-I6 -> 193.8 | J108: =VLOOKUP($B108+ROUND(J122,0),MetData!$A$3:$L$793,12,FALSE)-VLOOKUP($B108,MetData!$A$3:$L$793,12,FALSE)-J83-J31-J6 -> 140.85 | K108: =VLOOKUP($B108+ROUND(K122,0),MetData!$A$3:$L$793,12,FALSE)-VLOOKUP($B108,MetData!$A$3:$L$793,12,FALSE)-K83-K31-K6 -> 189.85 | ... W108: =VLOOKUP($B108+ROUND(W122,0),MetData!$A$3:$L$793,12,FALSE)-VLOOKUP($B108,MetData!$A$3:$L$793,12,FALSE)-W83-W31-W6 -> 195.6
C116: Sum of Lentil.Phenology.MaturityDAS | D116: Column Labels
C117: Row Labels | D117: Ace | E117: Aldinga | F117: Blitz | G117: Bolt | H117: Boomer | I117: CIPAL0901 | J117: CIPAL1504 | K117: CIPAL1701 | L117: Commando | M117: Flash | N117: Giant | O117: Greenfield | P117: Hurricane | Q117: Indianhead | R117: Jumbo | S117: Jumbo2 | T117: Matilda | U117: Nipper | V117: Northfield | W117: Nugget
C118: Roseworthy2018
C119: 24AprIrrigated | D119: 210 | E119: 210 | F119: 210 | G119: 210 | H119: 210 | I119: 210 | J119: 210 | K119: 210 | L119: 210 | M119: 210 | N119: 210 | O119: 210 | P119: 210 | Q119: 210 | R119: 210 | S119: 210 | T119: 210 | U119: 210 | V119: 210 | W119: 210
C120: 24AprRainout | D120: 163.33333 | E120: 174.66667 | F120: 151.33333 | G120: 161.33333 | H120: 160.33333 | I120: 156 | J120: 168 | K120: 153 | L120: 178 | M120: 163 | N120: 160.33333 | O120: 164.33333 | P120: 158 | Q120: 178 | R120: 164 | S120: 157.33333 | T120: 164.66667 | U120: 165.33333 | V120: 173 | W120: 167.33333
C121: 6JunIrrigated | D121: 145 | E121: 146.33333 | F121: 143 | G121: 145.33333 | H121: 146.33333 | I121: 141.66667 | J121: 145.66667 | K121: 137 | L121: 149 | M121: 146.33333 | N121: 145.33333 | O121: 146.33333 | P121: 149 | Q121: 149 | R121: 145 | S121: 146.33333 | T121: 145 | U121: 146.33333 | V121: 146 | W121: 145.66667
C122: 6JunRainfed | D122: 141 | E122: 146.33333 | F122: 140 | G122: 139.66667 | H122: 141 | I122: 139 | J122: 140.33333 | K122: 136 | L122: 149 | M122: 140.33333 | N122: 143.66667 | O122: 143.66667 | P122: 146.33333 | Q122: 149 | R122: 141 | S122: 140.33333 | T122: 141 | U122: 143.66667 | V122: 143.66667 | W122: 143.66667
C123: Roseworthy2019
C124: 29AprIrrigated | D124: 185 | E124: 185 | F124: 185 | G124: 185 | H124: 185 | I124: 185 | J124: 185 | K124: 185 | L124: 188 | M124: 185 | N124: 185 | O124: 185 | P124: 185 | Q124: 188 | R124: 185 | S124: 185 | T124: 185 | U124: 185 | V124: 185 | W124: 185
C125: 29AprRainout | D125: 164 | E125: 168.66667 | F125: 160.33333 | G125: 160.66667 | H125: 167.33333 | I125: 159.66667 | J125: 166.33333 | K125: 158.66667 | L125: 188 | M125: 167 | N125: 165 | O125: 166.66667 | P125: 162 | Q125: 188 | R125: 163 | S125: 163.66667 | T125: 166.33333 | U125: 168 | V125: 169 | W125: 167.66667
C126: 24JunIrrigated | D126: 123.66667 | E126: 127 | F126: 124.66667 | G126: 125 | H126: 126.5 | I126: 124.33333 | J126: 126 | K126: 123 | L126: 121.5 | M126: 126 | N126: 126.33333 | O126: 128.33333 | P126: 124.66667 | Q126: 138 | R126: 126.33333 | S126: 124.5 | T126: 126.25 | U126: 123 | V126: 125 | W126: 125.75
C127: 24JunRainfed | D127: 137 | E127: 141 | F127: 133.33333 | G127: 141 | H127: 141 | I127: 135.5 | J127: 141 | K127: 134 | L127: 147.33333 | M127: 141 | N127: 141 | O127: 141 | P127: 141 | Q127: 146 | R127: 141 | S127: 138 | U127: 141 | V127: 141 | W127: 130

Sheet DAS
B1: 45292
A2: Emergence | D2: =D15 -> Ace | E2: =E15 -> Aldinga | F2: =F15 -> Blitz | G2: =G15 -> Bolt | H2: =H15 -> Boomer | I2: =I15 -> CIPAL0901 | J2: =J15 -> CIPAL1504 | K2: =K15 -> CIPAL1701 | ... W2: =W15 -> Nugget
A3: =C17 -> 24AprIrrigated | B3: 45406 | C3: =B3-$B$1 -> 114 | D3: =D17 -> 9 | E3: =E17 -> 9 | F3: =F17 -> 9 | G3: =G17 -> 9 | H3: =H17 -> 9 | I3: =I17 -> 9 | J3: =J17 -> 9 | K3: =K17 -> 9 | ... W3: =W17 -> 9
A4: =C18 -> 24AprRainout | B4: 45406 | C4: =B4-$B$1 -> 114 | D4: =D18 -> 9 | E4: =E18 -> 9 | F4: =F18 -> 9 | G4: =G18 -> 9 | H4: =H18 -> 9 | I4: =I18 -> 9 | J4: =J18 -> 9 | K4: =K18 -> 9 | ... W4: =W18 -> 9
A5: =C19 -> 6JunIrrigated | B5: 45449 | C5: =B5-$B$1 -> 157 | D5: =D19 -> 13 | E5: =E19 -> 13 | F5: =F19 -> 13 | G5: =G19 -> 13 | H5: =H19 -> 13 | I5: =I19 -> 13 | J5: =J19 -> 13 | K5: =K19 -> 13 | ... W5: =W19 -> 13
A6: =C20 -> 6JunRainfed | B6: 45449 | C6: =B6-$B$1 -> 157 | D6: =D20 -> 13 | E6: =E20 -> 13 | F6: =F20 -> 13 | G6: =G20 -> 13 | H6: =H20 -> 13 | I6: =I20 -> 13 | J6: =J20 -> 13 | K6: =K20 -> 13 | ... W6: =W20 -> 13
A8: =C22 -> 29AprIrrigated | B8: 45411 | C8: =B8-$B$1 -> 119 | D8: =D22 -> 12 | E8: =E22 -> 12 | F8: =F22 -> 12 | G8: =G22 -> 12 | H8: =H22 -> 12 | I8: =I22 -> 12 | J8: =J22 -> 12 | K8: =K22 -> 12 | ... W8: =W22 -> 12
A9: =C23 -> 29AprRainout | B9: 45411 | C9: =B9-$B$1 -> 119 | D9: =D23 -> 12 | E9: =E23 -> 12 | F9: =F23 -> 12 | G9: =G23 -> 12 | H9: =H23 -> 12 | I9: =I23 -> 12 | J9: =J23 -> 12 | K9: =K23 -> 12 | ... W9: =W23 -> 12
A10: =C24 -> 24JunIrrigated | B10: 45467 | C10: =B10-$B$1 -> 175 | D10: =D24 -> 14 | E10: =E24 -> 14 | F10: =F24 -> 14 | G10: =G24 -> 14 | H10: =H24 -> 14 | I10: =I24 -> 14 | J10: =J24 -> 14 | K10: =K24 -> 14 | ... W10: =W24 -> 14
A11: =C25 -> 24JunRainfed | B11: 45467 | C11: =B11-$B$1 -> 175 | D11: =D25 -> 14 | E11: =E25 -> 14 | F11: =F25 -> 14 | G11: =G25 -> 14 | H11: =H25 -> 14 | I11: =I25 -> 14 | J11: =J25 -> 14 | K11: =K25 -> 14 | ... W11: =W25 -> 14
C14: Sum of Lentil.Phenology.EmergenceDAS | D14: Column Labels
C15: Row Labels | D15: Ace | E15: Aldinga | F15: Blitz | G15: Bolt | H15: Boomer | I15: CIPAL0901 | J15: CIPAL1504 | K15: CIPAL1701 | L15: Commando | M15: Flash | N15: Giant | O15: Greenfield | P15: Hurricane | Q15: Indianhead | R15: Jumbo | S15: Jumbo2 | T15: Matilda | U15: Nipper | V15: Northfield | W15: Nugget
C16: Roseworthy2018
C17: 24AprIrrigated | D17: 9 | E17: 9 | F17: 9 | G17: 9 | H17: 9 | I17: 9 | J17: 9 | K17: 9 | L17: 9 | M17: 9 | N17: 9 | O17: 9 | P17: 9 | Q17: 9 | R17: 9 | S17: 9 | T17: 9 | U17: 9 | V17: 9 | W17: 9
C18: 24AprRainout | D18: 9 | E18: 9 | F18: 9 | G18: 9 | H18: 9 | I18: 9 | J18: 9 | K18: 9 | L18: 9 | M18: 9 | N18: 9 | O18: 9 | P18: 9 | Q18: 9 | R18: 9 | S18: 9 | T18: 9 | U18: 9 | V18: 9 | W18: 9
C19: 6JunIrrigated | D19: 13 | E19: 13 | F19: 13 | G19: 13 | H19: 13 | I19: 13 | J19: 13 | K19: 13 | L19: 13 | M19: 13 | N19: 13 | O19: 13 | P19: 13 | Q19: 13 | R19: 13 | S19: 13 | T19: 13 | U19: 13 | V19: 13 | W19: 13
C20: 6JunRainfed | D20: 13 | E20: 13 | F20: 13 | G20: 13 | H20: 13 | I20: 13 | J20: 13 | K20: 13 | L20: 13 | M20: 13 | N20: 13 | O20: 13 | P20: 13 | Q20: 13 | R20: 13 | S20: 13 | T20: 13 | U20: 13 | V20: 13 | W20: 13
C21: Roseworthy2019
C22: 29AprIrrigated | D22: 12 | E22: 12 | F22: 12 | G22: 12 | H22: 12 | I22: 12 | J22: 12 | K22: 12 | L22: 12 | M22: 12 | N22: 12 | O22: 12 | P22: 12 | Q22: 12 | R22: 12 | S22: 12 | T22: 12 | U22: 12 | V22: 12 | W22: 12
C23: 29AprRainout | D23: 12 | E23: 12 | F23: 12 | G23: 12 | H23: 12 | I23: 12 | J23: 12 | K23: 12 | L23: 12 | M23: 12 | N23: 12 | O23: 12 | P23: 12 | Q23: 12 | R23: 12 | S23: 12 | T23: 12 | U23: 12 | V23: 12 | W23: 12
C24: 24JunIrrigated | D24: 14 | E24: 14 | F24: 14 | G24: 14 | H24: 14 | I24: 14 | J24: 14 | K24: 14 | L24: 14 | M24: 14 | N24: 14 | O24: 14 | P24: 14 | Q24: 14 | R24: 14 | S24: 14 | T24: 14 | U24: 14 | V24: 14 | W24: 14
C25: 24JunRainfed | D25: 14 | E25: 14 | F25: 14 | G25: 14 | H25: 14 | I25: 14 | J25: 14 | K25: 14 | L25: 14 | M25: 14 | N25: 14 | O25: 14 | P25: 14 | Q25: 14 | R25: 14 | S25: 14 | T25: 14 | U25: 14 | V25: 14 | W25: 14
A27: Emergence to flowering | D27: =D40 -> Ace | E27: =E40 -> Aldinga | F27: =F40 -> Blitz | G27: =G40 -> Bolt | H27: =H40 -> Boomer | I27: =I40 -> CIPAL0901 | J27: =J40 -> CIPAL1504 | K27: =K40 -> CIPAL1701 | ... W27: =W40 -> Nugget
A28: =C42 -> 24AprIrrigated | B28: 45406 | C28: =B28-$B$1 -> 114 | D28: =D42-D3 -> 90 | E28: =E42-E3 -> 116.33333 | F28: =F42-F3 -> 82 | G28: =G42-G3 -> 91.666667 | H28: =H42-H3 -> 102.66667 | I28: =I42-I3 -> 89 | J28: =J42-J3 -> 100.33333 | K28: =K42-K3 -> 91.333333 | ... W28: =W42-W3 -> 115.33333 | AG28: Negative means dry treatments are flowering earlier that irrigated
A29: =C47 -> 29AprIrrigated | B29: 45411 | C29: =B29-$B$1 -> 119 | D29: =D47-D8 -> 104.33333 | E29: =E47-E8 -> 118 | F29: =F47-F8 -> 87 | G29: =G47-G8 -> 102.33333 | H29: =H47-H8 -> 110.66667 | I29: =I47-I8 -> 93.333333 | J29: =J47-J8 -> 107.33333 | K29: =K47-K8 -> 83.666667 | ... W29: =W47-W8 -> 114
A30: =C44 -> 6JunIrrigated | B30: 45449 | C30: =B30-$B$1 -> 157 | D30: =D44-D5 -> 88.333333 | E30: =E44-E5 -> 90.666667 | F30: =F44-F5 -> 84 | G30: =G44-G5 -> 87.333333 | H30: =H44-H5 -> 87.666667 | I30: =I44-I5 -> 82.333333 | J30: =J44-J5 -> 90.333333 | K30: =K44-K5 -> 82.333333 | ... W30: =W44-W5 -> 90.666667
A31: =C49 -> 24JunIrrigated | B31: 45467 | C31: =B31-$B$1 -> 175 | D31: =D49-D10 -> 76.333333 | E31: =E49-E10 -> 81.5 | F31: =F49-F10 -> 71.666667 | G31: =G49-G10 -> 74 | H31: =H49-H10 -> 78.5 | I31: =I49-I10 -> 72.666667 | J31: =J49-J10 -> 75 | K31: =K49-K10 -> 70 | ... S31: =S49-S10 -> 72.5 | U31: =U49-U10 -> 78.333333 | V31: =V49-V10 -> 85 | W31: =W49-W10 -> 76.5
A33: =C43 -> 24AprRainout | B33: 45406 | C33: =B33-$B$1 -> 114 | D33: =(D43-D4)-D28 -> 5.3333333 | E33: =(E43-E4)-E28 -> -2.3333333 | F33: =(F43-F4)-F28 -> 0.33333333 | G33: =(G43-G4)-G28 -> 0.33333333 | H33: =(H43-H4)-H28 -> -13.666667 | I33: =(I43-I4)-I28 -> -2.6666667 | J33: =(J43-J4)-J28 -> -1.3333333 | K33: =(K43-K4)-K28 -> -1.6666667 | M33: =(M43-M4)-M28 -> 1 | N33: =(N43-N4)-N28 -> 1.3333333 | O33: =(O43-O4)-O28 -> -9.3333333 | P33: =(P43-P4)-P28 -> -1.6666667 | Q33: =(Q43-Q4)-Q28 -> -18.666667 | R33: =(R43-R4)-R28 -> -3 | S33: =(S43-S4)-S28 -> -12.666667 | T33: =(T43-T4)-T28 -> -8.3333333 | ... W33: =(W43-W4)-W28 -> -2.3333333
A34: =C48 -> 29AprRainout | B34: 45411 | C34: =B34-$B$1 -> 119 | D34: =(D48-D9)-D29 -> -0.66666667 | E34: =(E48-E9)-E29 -> -7 | F34: =(F48-F9)-F29 -> 2 | G34: =(G48-G9)-G29 -> -2.3333333 | H34: =(H48-H9)-H29 -> -1.6666667 | I34: =(I48-I9)-I29 -> -1.6666667 | J34: =(J48-J9)-J29 -> -2 | K34: =(K48-K9)-K29 -> 3.6666667 | ... W34: =(W48-W9)-W29 -> -3.6666667
A35: =C45 -> 6JunRainfed | B35: 45449 | C35: =B35-$B$1 -> 157 | D35: =(D45-D6)-D30 -> 0.66666667 | E35: =(E45-E6)-E30 -> 0 | F35: =(F45-F6)-F30 -> -3.6666667 | G35: =(G45-G6)-G30 -> 0 | H35: =(H45-H6)-H30 -> -1.6666667 | I35: =(I45-I6)-I30 -> -1.3333333 | J35: =(J45-J6)-J30 -> -2 | K35: =(K45-K6)-K30 -> -1.6666667 | ... W35: =(W45-W6)-W30 -> 0.33333333
A36: =C50 -> 24JunRainfed | B36: 45467 | C36: =B36-$B$1 -> 175 | D36: =(D50-D11)-D31 -> 5.6666667 | E36: =(E50-E11)-E31 -> 2.8333333 | F36: =(F50-F11)-F31 -> 3.6666667 | G36: =(G50-G11)-G31 -> 8 | H36: =(H50-H11)-H31 -> 14.833333 | I36: =(I50-I11)-I31 -> 6.3333333 | J36: =(J50-J11)-J31 -> 9.6666667 | K36: =(K50-K11)-K31 -> 1.6666667 | ... S36: =(S50-S11)-S31 -> 10.5 | U36: =(U50-U11)-U31 -> 7.6666667 | V36: =(V50-V11)-V31 -> 0.66666667 | W36: =(W50-W11)-W31 -> 5.5
C39: Average of Lentil.Phenology.StartOfFloweringDAS | D39: Column Labels
C40: Row Labels | D40: Ace | E40: Aldinga | F40: Blitz | G40: Bolt | H40: Boomer | I40: CIPAL0901 | J40: CIPAL1504 | K40: CIPAL1701 | L40: Commando | M40: Flash | N40: Giant | O40: Greenfield | P40: Hurricane | Q40: Indianhead | R40: Jumbo | S40: Jumbo2 | T40: Matilda | U40: Nipper | V40: Northfield | W40: Nugget
C41: Roseworthy2018
C42: 24AprIrrigated | D42: 99 | E42: 125.33333 | F42: 91 | G42: 100.66667 | H42: 111.66667 | I42: 98 | J42: 109.33333 | K42: 100.33333 | L42: 147.33333 | M42: 116.33333 | N42: 97 | O42: 113.66667 | P42: 104.66667 | Q42: 150 | R42: 124 | S42: 112 | T42: 116.66667 | U42: 137 | V42: 138.33333 | W42: 124.33333
C43: 24AprRainout | D43: 104.33333 | E43: 123 | F43: 91.333333 | G43: 101 | H43: 98 | I43: 95.333333 | J43: 108 | K43: 98.666667 | M43: 117.33333 | N43: 98.333333 | O43: 104.33333 | P43: 103 | Q43: 131.33333 | R43: 121 | S43: 99.333333 | T43: 108.33333 | U43: 126 | V43: 128 | W43: 122
C44: 6JunIrrigated | D44: 101.33333 | E44: 103.66667 | F44: 97 | G44: 100.33333 | H44: 100.66667 | I44: 95.333333 | J44: 103.33333 | K44: 95.333333 | L44: 124 | M44: 103.66667 | N44: 100.66667 | O44: 102.33333 | P44: 104.66667 | Q44: 119 | R44: 101.66667 | S44: 99.666667 | T44: 102.33333 | U44: 105.66667 | V44: 104.33333 | W44: 103.66667
C45: 6JunRainfed | D45: 102 | E45: 103.66667 | F45: 93.333333 | G45: 100.33333 | H45: 99 | I45: 94 | J45: 101.33333 | K45: 93.666667 | L45: 125 | M45: 99 | N45: 96.333333 | O45: 102.66667 | P45: 103.33333 | Q45: 122.33333 | R45: 101.33333 | S45: 100.66667 | T45: 102 | U45: 106.33333 | V45: 104.66667 | W45: 104
C46: Roseworthy2019
C47: 29AprIrrigated | D47: 116.33333 | E47: 130 | F47: 99 | G47: 114.33333 | H47: 122.66667 | I47: 105.33333 | J47: 119.33333 | K47: 95.666667 | L47: 162 | M47: 119 | N47: 111.33333 | O47: 116.33333 | P47: 118.33333 | Q47: 157.66667 | R47: 119.66667 | S47: 119.66667 | T47: 125.33333 | U47: 132 | V47: 134 | W47: 126
C48: 29AprRainout | D48: 115.66667 | E48: 123 | F48: 101 | G48: 112 | H48: 121 | I48: 103.66667 | J48: 117.33333 | K48: 99.333333 | L48: 145.33333 | M48: 119 | N48: 111 | O48: 123 | P48: 114.66667 | Q48: 137.66667 | R48: 116.33333 | S48: 117.66667 | T48: 116.66667 | U48: 125.33333 | V48: 130.33333 | W48: 122.33333
C49: 24JunIrrigated | D49: 90.333333 | E49: 95.5 | F49: 85.666667 | G49: 88 | H49: 92.5 | I49: 86.666667 | J49: 89 | K49: 84 | L49: 101.5 | M49: 88.5 | N49: 89 | O49: 95.333333 | P49: 89 | Q49: 104 | R49: 92.333333 | S49: 86.5 | T49: 88.75 | U49: 92.333333 | V49: 99 | W49: 90.5
C50: 24JunRainfed | D50: 96 | E50: 98.333333 | F50: 89.333333 | G50: 96 | H50: 107.33333 | I50: 93 | J50: 98.666667 | K50: 85.666667 | L50: 100.33333 | M50: 105 | N50: 93 | O50: 97.333333 | P50: 99 | Q50: 116 | R50: 96.666667 | S50: 97 | U50: 100 | V50: 99.666667 | W50: 96
A53: Flowering to Pod emergence | D53: =D66 -> Ace | E53: =E66 -> Aldinga | F53: =F66 -> Blitz | G53: =G66 -> Bolt | H53: =H66 -> Boomer | I53: =I66 -> CIPAL0901 | J53: =J66 -> CIPAL1504 | K53: =K66 -> CIPAL1701 | ... W53: =W66 -> Nugget
A54: =C68 -> 24AprIrrigated | B54: 45406 | C54: =B54-$B$1 -> 114 | D54: =D68-D42 -> 11.666667 | E54: =E68-E42 -> 14 | F54: =F68-F42 -> 11.666667 | G54: =G68-G42 -> 13 | H54: =H68-H42 -> 11.333333 | I54: =I68-I42 -> 13 | J54: =J68-J42 -> 17.333333 | K54: =K68-K42 -> 11.333333 | ... W54: =W68-W42 -> 16.666667
A55: =C73 -> 29AprIrrigated | B55: 45411 | C55: =B55-$B$1 -> 119 | D55: =D73-D47 -> 12 | E55: =E73-E47 -> 12.333333 | F55: =F73-F47 -> 13 | G55: =G73-G47 -> 12.666667 | H55: =H73-H47 -> 15 | I55: =I73-I47 -> 12.333333 | J55: =J73-J47 -> 15 | K55: =K73-K47 -> 14 | ... W55: =W73-W47 -> 12.666667
A56: =C70 -> 6JunIrrigated | B56: 45449 | C56: =B56-$B$1 -> 157 | D56: =D70-D44 -> 11.333333 | E56: =E70-E44 -> 10.333333 | F56: =F70-F44 -> 8 | G56: =G70-G44 -> 12 | H56: =H70-H44 -> 9 | I56: =I70-I44 -> 9 | J56: =J70-J44 -> 1.6666667 | K56: =K70-K44 -> 9 | ... W56: =W70-W44 -> 11.333333
A57: =C75 -> 24JunIrrigated | B57: 45467 | C57: =B57-$B$1 -> 175 | D57: =D75-D49 -> 7 | E57: =E75-E49 -> 6 | F57: =F75-F49 -> 8.3333333 | G57: =G75-G49 -> 7.5 | H57: =H75-H49 -> 7 | I57: =I75-I49 -> 8 | J57: =J75-J49 -> 8 | K57: =K75-K49 -> 9.5 | ... W57: =W75-W49 -> 8.25
A59: =C69 -> 24AprRainout | B59: 45406 | C59: =B59-$B$1 -> 114 | D59: =(D69-D43)-D54 -> -2 | E59: =(E69-E43)-E54 -> -2.6666667 | F59: =(F69-F43)-F54 -> -1 | G59: =(G69-G43)-G54 -> 0.66666667 | H59: =(H69-H43)-H54 -> 0.66666667 | I59: =(I69-I43)-I54 -> 2.3333333 | J59: =(J69-J43)-J54 -> -5 | K59: =(K69-K43)-K54 -> -1 | ... W59: =(W69-W43)-W54 -> -8
A60: =C74 -> 29AprRainout | B60: 45411 | C60: =B60-$B$1 -> 119 | D60: =(D74-D48)-D55 -> -1 | E60: =(E74-E48)-E55 -> -4 | F60: =(F74-F48)-F55 -> -1.3333333 | G60: =(G74-G48)-G55 -> -1.3333333 | H60: =(H74-H48)-H55 -> -6 | I60: =(I74-I48)-I55 -> -0.33333333 | J60: =(J74-J48)-J55 -> -3.6666667 | K60: =(K74-K48)-K55 -> -1.3333333 | ... W60: =(W74-W48)-W55 -> -2.6666667
A61: =C71 -> 6JunRainfed | B61: 45449 | C61: =B61-$B$1 -> 157 | D61: =(D71-D45)-D56 -> -3 | E61: =(E71-E45)-E56 -> -0.33333333 | F61: =(F71-F45)-F56 -> 3 | G61: =(G71-G45)-G56 -> -4.3333333 | H61: =(H71-H45)-H56 -> -0.66666667 | I61: =(I71-I45)-I56 -> 1 | J61: =(J71-J45)-J56 -> 8 | K61: =(K71-K45)-K56 -> 1.6666667 | ... W61: =(W71-W45)-W56 -> -0.33333333
A62: =C76 -> 24JunRainfed | B62: 45467 | C62: =B62-$B$1 -> 175 | D62: =(D76-D50)-D57 -> -0.33333333 | E62: =(E76-E50)-E57 -> -2.9842795e-13 | F62: =(F76-F50)-F57 -> 9 | G62: =(G76-G50)-G57 -> -1.5 | H62: =(H76-H50)-H57 -> -10.333333 | I62: =(I76-I50)-I57 -> -3 | J62: =(J76-J50)-J57 -> -1.6666667 | K62: =(K76-K50)-K57 -> 0.83333333 | ... W62: =(W76-W50)-W57 -> -3.25
C65: Average of Lentil.Phenology.PodEmergenceDAS | D65: Column Labels
C66: Row Labels | D66: Ace | E66: Aldinga | F66: Blitz | G66: Bolt | H66: Boomer | I66: CIPAL0901 | J66: CIPAL1504 | K66: CIPAL1701 | L66: Commando | M66: Flash | N66: Giant | O66: Greenfield | P66: Hurricane | Q66: Indianhead | R66: Jumbo | S66: Jumbo2 | T66: Matilda | U66: Nipper | V66: Northfield | W66: Nugget
C67: Roseworthy2018
C68: 24AprIrrigated | D68: 110.66667 | E68: 139.33333 | F68: 102.66667 | G68: 113.66667 | H68: 123 | I68: 111 | J68: 126.66667 | K68: 111.66667 | L68: 170 | M68: 128.66667 | N68: 107.66667 | O68: 127 | P68: 119.33333 | Q68: 170 | R68: 137.33333 | S68: 124.33333 | T68: 128.33333 | U68: 145.33333 | V68: 154.66667 | W68: 141
C69: 24AprRainout | D69: 114 | E69: 134.33333 | F69: 102 | G69: 114.66667 | H69: 110 | I69: 110.66667 | J69: 120.33333 | K69: 109 | M69: 127.66667 | N69: 112 | O69: 123.66667 | P69: 115.33333 | Q69: 141 | R69: 131.33333 | S69: 110.66667 | T69: 118 | U69: 134 | V69: 138.33333 | W69: 130.66667
C70: 6JunIrrigated | D70: 112.66667 | E70: 114 | F70: 105 | G70: 112.33333 | H70: 109.66667 | I70: 104.33333 | J70: 105 | K70: 104.33333 | L70: 127.66667 | M70: 115.66667 | N70: 109.33333 | O70: 113.66667 | P70: 107.33333 | Q70: 125.33333 | R70: 114 | S70: 111 | T70: 112.33333 | U70: 115 | V70: 117.33333 | W70: 115
C71: 6JunRainfed | D71: 110.33333 | E71: 113.66667 | F71: 104.33333 | G71: 108 | H71: 107.33333 | I71: 104 | J71: 111 | K71: 104.33333 | L71: 129 | M71: 109 | N71: 106 | O71: 113.66667 | P71: 118.33333 | Q71: 127.66667 | R71: 111 | S71: 111 | T71: 111 | U71: 117.66667 | V71: 118.33333 | W71: 115
C72: Roseworthy2019
C73: 29AprIrrigated | D73: 128.33333 | E73: 142.33333 | F73: 112 | G73: 127 | H73: 137.66667 | I73: 117.66667 | J73: 134.33333 | K73: 109.66667 | L73: 168.33333 | M73: 123.33333 | N73: 126 | O73: 128 | P73: 122.66667 | Q73: 166.33333 | R73: 134.33333 | S73: 132.33333 | T73: 136.66667 | U73: 144 | V73: 144 | W73: 138.66667
C74: 29AprRainout | D74: 126.66667 | E74: 131.33333 | F74: 112.66667 | G74: 123.33333 | H74: 130 | I74: 115.66667 | J74: 128.66667 | K74: 112 | L74: 153.33333 | M74: 129.66667 | N74: 123 | O74: 131.33333 | P74: 125 | Q74: 146.33333 | R74: 126 | S74: 128.66667 | T74: 127.66667 | U74: 134 | V74: 140 | W74: 132.33333
C75: 24JunIrrigated | D75: 97.333333 | E75: 101.5 | F75: 94 | G75: 95.5 | H75: 99.5 | I75: 94.666667 | J75: 97 | K75: 93.5 | L75: 107 | M75: 95 | N75: 97.333333 | O75: 100 | P75: 97 | Q75: 109.33333 | R75: 98 | S75: 95.5 | T75: 96.75 | U75: 99 | V75: 104.5 | W75: 98.75
C76: 24JunRainfed | D76: 102.66667 | E76: 104.33333 | F76: 106.66667 | G76: 102 | H76: 104 | I76: 98 | J76: 105 | K76: 96 | L76: 106.66667 | M76: 103.25 | N76: 100 | O76: 103 | P76: 104.66667 | Q76: 123 | R76: 103.33333 | S76: 102.5 | U76: 105 | V76: 105.33333 | W76: 101
A79: Flowering duration | D79: =D92 -> Ace | E79: =E92 -> Aldinga | F79: =F92 -> Blitz | G79: =G92 -> Bolt | H79: =H92 -> Boomer | I79: =I92 -> CIPAL0901 | J79: =J92 -> CIPAL1504 | K79: =K92 -> CIPAL1701 | ... W79: =W92 -> Nugget
A80: =C94 -> 24AprIrrigated | B80: 45406 | C80: =B80-$B$1 -> 114 | D80: =D94-D42 -> 87 | E80: =E94-E42 -> 60.666667 | F80: =F94-F42 -> 59.333333 | G80: =G94-G42 -> 74 | H80: =H94-H42 -> 74.333333 | I80: =I94-I42 -> 64.333333 | J80: =J94-J42 -> 76.666667 | K80: =K94-K42 -> 85.666667 | ... W80: =W94-W42 -> 61.666667
A81: =C99 -> 29AprIrrigated | B81: 45411 | C81: =B81-$B$1 -> 119 | D81: =D99-D47 -> 52.666667 | E81: =E99-E47 -> 42 | F81: =F99-F47 -> 65.333333 | G81: =G99-G47 -> 50 | H81: =H99-H47 -> 46 | I81: =I99-I47 -> 57.666667 | J81: =J99-J47 -> 51 | K81: =K99-K47 -> 70 | ... W81: =W99-W47 -> 40
A82: =C96 -> 6JunIrrigated | B82: 45449 | C82: =B82-$B$1 -> 157 | D82: =D96-D44 -> 26.666667 | E82: =E96-E44 -> 25 | F82: =F96-F44 -> 33.333333 | G82: =G96-G44 -> 31 | H82: =H96-H44 -> 29.333333 | I82: =I96-I44 -> 31.666667 | J82: =J96-J44 -> 26.666667 | K82: =K96-K44 -> 28.666667 | ... W82: =W96-W44 -> 26.333333
A83: =C101 -> 24JunIrrigated | B83: 45467 | C83: =B83-$B$1 -> 175 | D83: =D101-D49 -> 17.666667 | E83: =E101-E49 -> 19.5 | F83: =F101-F49 -> 22.666667 | G83: =G101-G49 -> 18.5 | H83: =H101-H49 -> 20.5 | I83: =I101-I49 -> 21.333333 | J83: =J101-J49 -> 21.5 | K83: =K101-K49 -> 23 | ... W83: =W101-W49 -> 23.5
A85: =C95 -> 24AprRainout | B85: 45406 | C85: =B85-$B$1 -> 114 | D85: =(D95-D43)-D80 -> -49.333333 | E85: =(E95-E43)-E80 -> -41.666667 | F85: =(F95-F43)-F80 -> -22.666667 | G85: =(G95-G43)-G80 -> -39.666667 | H85: =(H95-H43)-H80 -> -41 | I85: =(I95-I43)-I80 -> -28 | J85: =(J95-J43)-J80 -> -45.666667 | K85: =(K95-K43)-K80 -> -55.666667 | ... W85: =(W95-W43)-W80 -> -45.333333
A86: =C100 -> 29AprRainout | B86: 45411 | C86: =B86-$B$1 -> 119 | D86: =(D100-D48)-D81 -> -24.333333 | E86: =(E100-E48)-E81 -> -17 | F86: =(F100-F48)-F81 -> -25.333333 | G86: =(G100-G48)-G81 -> -20.666667 | H86: =(H100-H48)-H81 -> -18 | I86: =(I100-I48)-I81 -> -19 | J86: =(J100-J48)-J81 -> -20.333333 | K86: =(K100-K48)-K81 -> -29 | ... W86: =(W100-W48)-W81 -> -18.333333
A87: =C97 -> 6JunRainfed | B87: 45449 | C87: =B87-$B$1 -> 157 | D87: =(D97-D45)-D82 -> 1.3333333 | E87: =(E97-E45)-E82 -> -0.33333333 | F87: =(F97-F45)-F82 -> -1.6666667 | G87: =(G97-G45)-G82 -> -4.6666667 | H87: =(H97-H45)-H82 -> -1.6666667 | I87: =(I97-I45)-I82 -> 1 | J87: =(J97-J45)-J82 -> 2 | K87: =(K97-K45)-K82 -> 2.6666667 | ... W87: =(W97-W45)-W82 -> -0.33333333
A88: =C102 -> 24JunRainfed | B88: 45467 | C88: =B88-$B$1 -> 175 | D88: =(D102-D50)-D83 -> 8.6666667 | E88: =(E102-E50)-E83 -> 6.1666667 | F88: =(F102-F50)-F83 -> 7.6666667 | G88: =(G102-G50)-G83 -> 9.5 | H88: =(H102-H50)-H83 -> -3.8333333 | I88: =(I102-I50)-I83 -> 7.6666667 | J88: =(J102-J50)-J83 -> 3.8333333 | K88: =(K102-K50)-K83 -> 11.333333 | ... W88: =(W102-W50)-W83 -> 4.5
C91: Sum of Lentil.Phenology.EndOfFloweringDAS | D91: Column Labels
C92: Row Labels | D92: Ace | E92: Aldinga | F92: Blitz | G92: Bolt | H92: Boomer | I92: CIPAL0901 | J92: CIPAL1504 | K92: CIPAL1701 | L92: Commando | M92: Flash | N92: Giant | O92: Greenfield | P92: Hurricane | Q92: Indianhead | R92: Jumbo | S92: Jumbo2 | T92: Matilda | U92: Nipper | V92: Northfield | W92: Nugget
C93: Roseworthy2018
C94: 24AprIrrigated | D94: 186 | E94: 186 | F94: 150.33333 | G94: 174.66667 | H94: 186 | I94: 162.33333 | J94: 186 | K94: 186 | L94: 191 | M94: 186 | N94: 186 | O94: 186 | P94: 174.66667 | Q94: 191 | R94: 186 | S94: 186 | T94: 186 | U94: 186 | V94: 186 | W94: 186
C95: 24AprRainout | D95: 142 | E95: 142 | F95: 128 | G95: 135.33333 | H95: 131.33333 | I95: 131.66667 | J95: 139 | K95: 128.66667 | M95: 140.66667 | N95: 134.33333 | O95: 140.66667 | P95: 135 | Q95: 173 | R95: 140.66667 | S95: 139 | T95: 136 | U95: 140.66667 | V95: 144 | W95: 138.33333
C96: 6JunIrrigated | D96: 128 | E96: 128.66667 | F96: 130.33333 | G96: 131.33333 | H96: 130 | I96: 127 | J96: 130 | K96: 124 | L96: 142.66667 | M96: 130.66667 | N96: 130 | O96: 136.33333 | P96: 130 | Q96: 149 | R96: 128.33333 | S96: 127.66667 | T96: 129.66667 | U96: 128.66667 | V96: 130 | W96: 130
C97: 6JunRainfed | D97: 130 | E97: 128.33333 | F97: 125 | G97: 126.66667 | H97: 126.66667 | I97: 126.66667 | J97: 130 | K97: 125 | L97: 137.33333 | M97: 127.33333 | N97: 127.33333 | O97: 130 | P97: 130.66667 | Q97: 136.33333 | R97: 130 | S97: 130 | T97: 128.33333 | U97: 130 | V97: 129 | W97: 130
C98: Roseworthy2019
C99: 29AprIrrigated | D99: 169 | E99: 172 | F99: 164.33333 | G99: 164.33333 | H99: 168.66667 | I99: 163 | J99: 170.33333 | K99: 165.66667 | L99: 181 | M99: 169.33333 | N99: 166.66667 | O99: 164.66667 | P99: 164.33333 | Q99: 181 | R99: 166 | S99: 168.66667 | T99: 163.33333 | U99: 172.66667 | V99: 163 | W99: 166
C100: 29AprRainout | D100: 144 | E100: 148 | F100: 141 | G100: 141.33333 | H100: 149 | I100: 142.33333 | J100: 148 | K100: 140.33333 | L100: 163.33333 | M100: 142.66667 | N100: 141.66667 | O100: 148.66667 | P100: 140 | Q100: 157.33333 | R100: 141.66667 | S100: 148.33333 | T100: 141.66667 | U100: 143.66667 | V100: 150.33333 | W100: 144
C101: 24JunIrrigated | D101: 108 | E101: 115 | F101: 108.33333 | G101: 106.5 | H101: 113 | I101: 108 | J101: 110.5 | K101: 107 | L101: 126 | M101: 108 | N101: 110.66667 | O101: 114 | P101: 107.33333 | Q101: 126 | R101: 114 | S101: 107 | T101: 109.75 | U101: 114 | V101: 111.5 | W101: 114
C102: 24JunRainfed | D102: 122.33333 | E102: 124 | F102: 119.66667 | G102: 124 | H102: 124 | I102: 122 | J102: 124 | K102: 120 | L102: 124 | M102: 124 | N102: 124 | O102: 120.66667 | P102: 124 | Q102: 124 | R102: 124 | S102: 124 | U102: 124 | V102: 124 | W102: 124
A104: End Flowering to Maturity | D104: =D117 -> Ace | E104: =E117 -> Aldinga | F104: =F117 -> Blitz | G104: =G117 -> Bolt | H104: =H117 -> Boomer | I104: =I117 -> CIPAL0901 | J104: =J117 -> CIPAL1504 | K104: =K117 -> CIPAL1701 | ... W104: =W117 -> Nugget
A105: =C119 -> 24AprIrrigated | B105: 45406 | C105: =B105-$B$1 -> 114 | D105: =D119-D94 -> 24 | E105: =E119-E94 -> 24 | F105: =F119-F94 -> 59.666667 | G105: =G119-G94 -> 35.333333 | H105: =H119-H94 -> 24 | I105: =I119-I94 -> 47.666667 | J105: =J119-J94 -> 24 | K105: =K119-K94 -> 24 | ... W105: =W119-W94 -> 24
A106: =C124 -> 29AprIrrigated | B106: 45411 | C106: =B106-$B$1 -> 119 | D106: =D124-D99 -> 16 | E106: =E124-E99 -> 13 | F106: =F124-F99 -> 20.666667 | G106: =G124-G99 -> 20.666667 | H106: =H124-H99 -> 16.333333 | I106: =I124-I99 -> 22 | J106: =J124-J99 -> 14.666667 | K106: =K124-K99 -> 19.333333 | ... W106: =W124-W99 -> 19
A107: =C121 -> 6JunIrrigated | B107: 45449 | C107: =B107-$B$1 -> 157 | D107: =D121-D96 -> 17 | E107: =E121-E96 -> 17.666667 | F107: =F121-F96 -> 12.666667 | G107: =G121-G96 -> 14 | H107: =H121-H96 -> 16.333333 | I107: =I121-I96 -> 14.666667 | J107: =J121-J96 -> 15.666667 | K107: =K121-K96 -> 13 | ... W107: =W121-W96 -> 15.666667
A108: =C126 -> 24JunIrrigated | B108: 45467 | C108: =B108-$B$1 -> 175 | D108: =D126-D101 -> 15.666667 | E108: =E126-E101 -> 12 | F108: =F126-F101 -> 16.333333 | G108: =G126-G101 -> 18.5 | H108: =H126-H101 -> 13.5 | I108: =I126-I101 -> 16.333333 | J108: =J126-J101 -> 15.5 | K108: =K126-K101 -> 16 | ... W108: =W126-W101 -> 11.75
A110: =C120 -> 24AprRainout | B110: 45406 | C110: =B110-$B$1 -> 114 | D110: =(D120-D94)-D105 -> -46.666667 | E110: =(E120-E94)-E105 -> -35.333333 | F110: =(F120-F94)-F105 -> -58.666667 | G110: =(G120-G94)-G105 -> -48.666667 | H110: =(H120-H94)-H105 -> -49.666667 | I110: =(I120-I94)-I105 -> -54 | J110: =(J120-J94)-J105 -> -42 | K110: =(K120-K94)-K105 -> -57 | ... W110: =(W120-W94)-W105 -> -42.666667
A111: =C125 -> 29AprRainout | B111: 45411 | C111: =B111-$B$1 -> 119 | D111: =(D125-D99)-D106 -> -21 | E111: =(E125-E99)-E106 -> -16.333333 | F111: =(F125-F99)-F106 -> -24.666667 | G111: =(G125-G99)-G106 -> -24.333333 | H111: =(H125-H99)-H106 -> -17.666667 | I111: =(I125-I99)-I106 -> -25.333333 | J111: =(J125-J99)-J106 -> -18.666667 | K111: =(K125-K99)-K106 -> -26.333333 | ... W111: =(W125-W99)-W106 -> -17.333333
A112: =C122 -> 6JunRainfed | B112: 45449 | C112: =B112-$B$1 -> 157 | D112: =(D122-D96)-D107 -> -4 | E112: =(E122-E96)-E107 -> 0 | F112: =(F122-F96)-F107 -> -3 | G112: =(G122-G96)-G107 -> -5.6666667 | H112: =(H122-H96)-H107 -> -5.3333333 | I112: =(I122-I96)-I107 -> -2.6666667 | J112: =(J122-J96)-J107 -> -5.3333333 | K112: =(K122-K96)-K107 -> -1 | ... W112: =(W122-W96)-W107 -> -2
A113: =C127 -> 24JunRainfed | B113: 45467 | C113: =B113-$B$1 -> 175 | D113: =(D127-D102)-D108 -> -1 | E113: =(E127-E102)-E108 -> 5 | F113: =(F127-F102)-F108 -> -2.6666667 | G113: =(G127-G102)-G108 -> -1.5 | H113: =(H127-H102)-H108 -> 3.5 | I113: =(I127-I102)-I108 -> -2.8333333 | J113: =(J127-J102)-J108 -> 1.5 | K113: =(K127-K102)-K108 -> -2 | ... W113: =(W127-W102)-W108 -> -5.75
C116: Sum of Lentil.Phenology.MaturityDAS | D116: Column Labels
C117: Row Labels | D117: Ace | E117: Aldinga | F117: Blitz | G117: Bolt | H117: Boomer | I117: CIPAL0901 | J117: CIPAL1504 | K117: CIPAL1701 | L117: Commando | M117: Flash | N117: Giant | O117: Greenfield | P117: Hurricane | Q117: Indianhead | R117: Jumbo | S117: Jumbo2 | T117: Matilda | U117: Nipper | V117: Northfield | W117: Nugget
C118: Roseworthy2018
C119: 24AprIrrigated | D119: 210 | E119: 210 | F119: 210 | G119: 210 | H119: 210 | I119: 210 | J119: 210 | K119: 210 | L119: 210 | M119: 210 | N119: 210 | O119: 210 | P119: 210 | Q119: 210 | R119: 210 | S119: 210 | T119: 210 | U119: 210 | V119: 210 | W119: 210
C120: 24AprRainout | D120: 163.33333 | E120: 174.66667 | F120: 151.33333 | G120: 161.33333 | H120: 160.33333 | I120: 156 | J120: 168 | K120: 153 | L120: 178 | M120: 163 | N120: 160.33333 | O120: 164.33333 | P120: 158 | Q120: 178 | R120: 164 | S120: 157.33333 | T120: 164.66667 | U120: 165.33333 | V120: 173 | W120: 167.33333
C121: 6JunIrrigated | D121: 145 | E121: 146.33333 | F121: 143 | G121: 145.33333 | H121: 146.33333 | I121: 141.66667 | J121: 145.66667 | K121: 137 | L121: 149 | M121: 146.33333 | N121: 145.33333 | O121: 146.33333 | P121: 149 | Q121: 149 | R121: 145 | S121: 146.33333 | T121: 145 | U121: 146.33333 | V121: 146 | W121: 145.66667
...

Sheet MetData
A1: Date | B1: year | C1: day | D1: radn | E1: maxt | F1: mint | G1: rain | H1: evap | I1: vp | J1: code | K1: Tt | L1: TtAcum
C2: () | D2: () | E2: (MJ/m^2) | F2: (oC) | G2: (oC) | H2: (mm) | I2: (mm) | J2: (hPa) | K2: ()
A3: =DATE(B3,1,C3) -> 43101 | B3: 2018 | C3: 1 | D3: 27.3 | E3: 26.2 | F3: 12 | G3: 0 | H3: 8.4 | I3: 14.2 | J3: 422222 | K3: =(MAX(0,F3-2)+MAX(0,E3-2))/2 -> 17.1 | L3: =K3 -> 17.1
A4: =DATE(B4,1,C4) -> 43102 | B4: 2018 | C4: 2 | D4: 23.4 | E4: 24.7 | F4: 12.3 | G4: 0 | H4: 8.2 | I4: 13.8 | J4: 422222 | K4: =(MAX(0,F4-2)+MAX(0,E4-2))/2 -> 16.5 | L4: =K4+L3 -> 33.6
A5: =DATE(B5,1,C5) -> 43103 | B5: 2018 | C5: 3 | D5: 29.1 | E5: 26.9 | F5: 13.2 | G5: 0 | H5: 7.7 | I5: 10.5 | J5: 422222 | K5: =(MAX(0,F5-2)+MAX(0,E5-2))/2 -> 18.05 | L5: =K5+L4 -> 51.65
A6: =DATE(B6,1,C6) -> 43104 | B6: 2018 | C6: 4 | D6: 29.8 | E6: 33.5 | F6: 11.8 | G6: 0 | H6: 9.1 | I6: 11.8 | J6: 422222 | K6: =(MAX(0,F6-2)+MAX(0,E6-2))/2 -> 20.65 | L6: =K6+L5 -> 72.3
A7: =DATE(B7,1,C7) -> 43105 | B7: 2018 | C7: 5 | D7: 30.1 | E7: 38.9 | F7: 13.4 | G7: 0 | H7: 10.7 | I7: 10.3 | J7: 422222 | K7: =(MAX(0,F7-2)+MAX(0,E7-2))/2 -> 24.15 | L7: =K7+L6 -> 96.45
A8: =DATE(B8,1,C8) -> 43106 | B8: 2018 | C8: 6 | D8: 30 | E8: 43.8 | F8: 21.5 | G8: 0 | H8: 17.1 | I8: 7.3 | J8: 422222 | K8: =(MAX(0,F8-2)+MAX(0,E8-2))/2 -> 30.65 | L8: =K8+L7 -> 127.1
A9: =DATE(B9,1,C9) -> 43107 | B9: 2018 | C9: 7 | D9: 27 | E9: 32.7 | F9: 15.8 | G9: 0 | H9: 7.5 | I9: 14.2 | J9: 422222 | K9: =(MAX(0,F9-2)+MAX(0,E9-2))/2 -> 22.25 | L9: =K9+L8 -> 149.35
A10: =DATE(B10,1,C10) -> 43108 | B10: 2018 | C10: 8 | D10: 27.2 | E10: 29.6 | F10: 15.6 | G10: 0 | H10: 8.1 | I10: 14.1 | J10: 422222 | K10: =(MAX(0,F10-2)+MAX(0,E10-2))/2 -> 20.6 | L10: =K10+L9 -> 169.95
A11: =DATE(B11,1,C11) -> 43109 | B11: 2018 | C11: 9 | D11: 29.3 | E11: 28.3 | F11: 8.8 | G11: 0 | H11: 8.7 | I11: 13.4 | J11: 422222 | K11: =(MAX(0,F11-2)+MAX(0,E11-2))/2 -> 16.55 | L11: =K11+L10 -> 186.5
A12: =DATE(B12,1,C12) -> 43110 | B12: 2018 | C12: 10 | D12: 7.9 | E12: 29.8 | F12: 13.2 | G12: 0 | H12: 5.7 | I12: 9.2 | J12: 422222 | K12: =(MAX(0,F12-2)+MAX(0,E12-2))/2 -> 19.5 | L12: =K12+L11 -> 206
A13: =DATE(B13,1,C13) -> 43111 | B13: 2018 | C13: 11 | D13: 17.9 | E13: 38 | F13: 16.2 | G13: 0 | H13: 8.6 | I13: 8.6 | J13: 422222 | K13: =(MAX(0,F13-2)+MAX(0,E13-2))/2 -> 25.1 | L13: =K13+L12 -> 231.1
A14: =DATE(B14,1,C14) -> 43112 | B14: 2018 | C14: 12 | D14: 4.8 | E14: 22.1 | F14: 21.1 | G14: 1.9 | H14: 3.9 | I14: 21.8 | J14: 422222 | K14: =(MAX(0,F14-2)+MAX(0,E14-2))/2 -> 19.6 | L14: =K14+L13 -> 250.7
A15: =DATE(B15,1,C15) -> 43113 | B15: 2018 | C15: 13 | D15: 20.3 | E15: 22.8 | F15: 14.3 | G15: 0.1 | H15: 6 | I15: 14.5 | J15: 422222 | K15: =(MAX(0,F15-2)+MAX(0,E15-2))/2 -> 16.55 | L15: =K15+L14 -> 267.25
... A793: =DATE(B793,1,C793) -> 43891 | B793: 2020 | C793: 61 | D793: 18.1 | E793: 34.1 | F793: 14.2 | G793: 0 | H793: 7.1 | I793: 11.1 | J793: 422222 | K793: =(MAX(0,F793-2)+MAX(0,E793-2))/2 -> 22.15 | L793: =K793+L792 -> 12131.95

Sheet Observed
A1: SimulationName | B1: [Clock].Today | C1: Lentil.Phenology.CurrentStageName | D1: Lentil.Phenology.EmergenceDAS | E1: Lentil.Phenology.EmergenceDASError | F1: Lentil.Phenology.StartFloweringDAS | G1: Lentil.Phenology.StartFloweringDASError | H1: Lentil.Phenology.PodEmergenceDAS | I1: Lentil.Phenology.PodEmergenceDASError | J1: Lentil.Phenology.EndOfFloweringDAS | K1: Lentil.Phenology.EndOfFloweringDASError | L1: Lentil.Phenology.MaturityDAS | M1: Lentil.Phenology.MaturityDASError | N1: Lentil.Grain.Wt | O1: Lentil.Grain.WtError | P1: Lentil.AboveGround.Wt | Q1: Lentil.AboveGround.WtError | R1: Lentil.Grain.HarvestIndex | S1: Lentil.Grain.HarvestIndexError | T1: Lentil.Grain.Size | U1: Lentil.Grain.SizeError | V1: Lentil.Leaf.NodeNumber | W1: Lentil.Leaf.Number | X1: Lentil.LeavesPerPlant | Y1: Lentil.Leaf.LAI | Z1: Lentil.LAIError | AA1: Lentil.Leaf.SpecificArea | AB1: Lentil.Leaf.Wt | AC1: Lentil.Stem.Wt | AD1: Lentil.Leaf.WtError | AE1: Lentil.Stem.WtError | AF1: Lentil.PodsPerPlant | AG1: Soil.SoilWater.SW(1) | AH1: Soil.SoilWater.SW(2) | AI1: Soil.SoilWater.SW(3) | AJ1: Soil.SoilWater.SW(4) | AK1: Soil.SoilWater.SW(5) | AL1: Soil.SoilWater.SW(6) | AM1: Soil.SoilWater.SW(7) | AN1: Soil.SoilWater.SW(8) | AO1: Soil.SoilWater.SW(9) | AP1: Soil.SoilWater.SW(10) | AQ1: sum([Soil].Water.MM)
A2: RoseworthyTOSbyIrr24Apr2018IrrigatedCvAldinga | B2: 43423 | C2: HarvestRipe | D2: 9 | E2: 0 | F2: 125.33333 | G2: 4.0414519 | H2: 139.33333 | I2: 5.7735027 | J2: 186 | K2: 0 | L2: 210 | M2: 0 | N2: 203.76667 | O2: 41.778025 | P2: 699.6 | Q2: 176.34038 | R2: 0.29669154 | S2: 0.055737651 | T2: 0.039233333 | U2: 0.0070152215
A3: RoseworthyTOSbyIrr24Apr2018IrrigatedCvBoomer | B3: 43423 | C3: HarvestRipe | D3: 9 | E3: 0 | F3: 111.66667 | G3: 0.57735027 | H3: 123 | I3: 0 | J3: 186 | K3: 0 | L3: 210 | M3: 0 | N3: 176.36333 | O3: 31.394204 | P3: 1143.3333 | Q3: 72.913739 | R3: 0.15373272 | S3: 0.021250037 | T3: 0.0558 | U3: 0.0039038443
A4: RoseworthyTOSbyIrr24Apr2018IrrigatedCvCIPAL0901 | B4: 43423 | C4: HarvestRipe | D4: 9 | E4: 0 | F4: 98 | G4: 0 | H4: 111 | I4: 6.0827625 | J4: 162.33333 | K4: 20.502032 | L4: 210 | M4: 0 | N4: 233.19 | O4: 103.08084 | P4: 678.8 | Q4: 246.17652 | R4: 0.34900178 | S4: 0.10951891 | T4: 0.0432 | U4: 0.0020518285
A5: RoseworthyTOSbyIrr24Apr2018IrrigatedCvCIPAL1504 | B5: 43423 | C5: HarvestRipe | D5: 9 | E5: 0 | F5: 109.33333 | G5: 11.015141 | H5: 126.66667 | I5: 5.5075705 | J5: 186 | K5: 0 | L5: 210 | M5: 0 | N5: 216.15 | O5: 126.72828 | P5: 819.63333 | Q5: 270.5403 | R5: 0.24807208 | S5: 0.071332536 | T5: 0.042166667 | U5: 0.0041860881
A6: RoseworthyTOSbyIrr24Apr2018IrrigatedCvCIPAL1701 | B6: 43423 | C6: HarvestRipe | D6: 9 | E6: 0 | F6: 100.33333 | G6: 2.081666 | H6: 111.66667 | I6: 3.2145503 | J6: 186 | K6: 0 | L6: 210 | M6: 0 | N6: 368.08667 | O6: 38.900598 | P6: 928.16667 | Q6: 156.55856 | R6: 0.40022529 | S6: 0.036100905 | T6: 0.049933333 | U6: 0.0017925773
A7: RoseworthyTOSbyIrr24Apr2018IrrigatedCvCommando | B7: 43423 | C7: HarvestRipe | D7: 9 | E7: 0 | F7: 147.33333 | G7: 0.57735027 | H7: 170 | I7: 0 | J7: 191 | K7: 0 | L7: 210 | M7: 0 | N7: 112.38667 | O7: 27.016005 | P7: 970.56667 | Q7: 110.13384 | R7: 0.11576356 | S7: 0.025578175 | T7: 0.034333333 | U7: 0.0055895736
A8: RoseworthyTOSbyIrr24Apr2018IrrigatedCvIndianhead | B8: 43423 | C8: HarvestRipe | D8: 9 | E8: 0 | F8: 150 | G8: 2 | H8: 170 | I8: 0 | J8: 191 | K8: 0 | L8: 210 | M8: 0 | N8: 73.643333 | O8: 17.638068 | P8: 714.83333 | Q8: 164.92524 | R8: 0.10918097 | S8: 0.044549201 | T8: 0.018433333 | U8: 0.0036678786
A9: RoseworthyTOSbyIrr24Apr2018IrrigatedCvMatilda | B9: 43423 | C9: HarvestRipe | D9: 9 | E9: 0 | F9: 116.66667 | G9: 2.5166115 | H9: 128.33333 | I9: 1.5275252 | J9: 186 | K9: 0 | L9: 210 | M9: 0 | N9: 258.42 | O9: 88.196129 | P9: 1231.9333 | Q9: 362.00103 | R9: 0.20765133 | S9: 0.012140133 | T9: 0.048966667 | U9: 0.0021031722
A10: RoseworthyTOSbyIrr24Apr2018IrrigatedCvNipper | B10: 43423 | C10: HarvestRipe | D10: 9 | E10: 0 | F10: 137 | G10: 1 | H10: 145.33333 | I10: 1.1547005 | J10: 186 | K10: 0 | L10: 210 | M10: 0 | N10: 260.16667 | O10: 85.081157 | P10: 1029.4333 | Q10: 350.02715 | R10: 0.25552654 | S10: 0.026160662 | T10: 0.030333333 | U10: 0.0034019602
A11: RoseworthyTOSbyIrr24Apr2018IrrigatedCvNugget | B11: 43423 | C11: HarvestRipe | D11: 9 | E11: 0 | F11: 124.33333 | G11: 8.326664 | H11: 141 | I11: 6.9282032 | J11: 186 | K11: 0 | L11: 210 | M11: 0 | N11: 161.16667 | O11: 85.109479 | P11: 754.16667 | Q11: 269.88224 | R11: 0.20168691 | S11: 0.051776435 | T11: 0.0412 | U11: 0.0038039453
A12: RoseworthyTOSbyIrr24Apr2018IrrigatedCvNorthfield | B12: 43423 | C12: HarvestRipe | D12: 9 | E12: 0 | F12: 138.33333 | G12: 3.2145503 | H12: 154.66667 | I12: 13.279056 | J12: 186 | K12: 0 | L12: 210 | M12: 0 | N12: 360.25 | O12: 78.223382 | P12: 1092.6667 | Q12: 120.76975 | R12: 0.32746421 | S12: 0.038263399 | T12: 0.032566667 | U12: 0.0031628047
A13: RoseworthyTOSbyIrr24Apr2018IrrigatedCvAce | B13: 43423 | C13: HarvestRipe | D13: 9 | E13: 0 | F13: 99 | G13: 1.7320508 | H13: 110.66667 | I13: 3.2145503 | J13: 186 | K13: 0 | L13: 210 | M13: 0 | N13: 231.41333 | O13: 40.328483 | P13: 982.3 | Q13: 59.727464 | R13: 0.23748362 | S13: 0.054568193 | T13: 0.041733333 | U13: 0.00046188022
... A44: RoseworthyTOSbyIrr6Jun2018IrrigatedCvCIPAL0901 | B44: 43397 | C44: HarvestRipe | D44: 13 | E44: 0 | F44: 95.333333 | G44: 2.8867513 | H44: 104.33333 | I44: 2.3094011 | J44: 127 | K44: 2.6457513 | L44: 141.66667 | M44: 6.6583281 | N44: 126.03828 | O44: 20.252268 | P44: 535.5 | Q44: 47.376154 | R44: 0.21651076 | S44: 0.0095104512 | T44: 0.04239 | U44: 0.0017111984
A45: RoseworthyTOSbyIrr6Jun2018IrrigatedCvCIPAL1504 | B45: 43401 | C45: HarvestRipe | D45: 13 | E45: 0 | F45: 103.33333 | G45: 1.1547005 | H45: 105 | I45: 17.320508 | J45: 130 | K45: 0 | L45: 145.66667 | M45: 5.7735027 | N45: 124.20664 | O45: 20.677902 | P45: 675 | R45: 0.2056713 | T45: 0.036805 | U45: 0.0040941483
A46: RoseworthyTOSbyIrr6Jun2018IrrigatedCvCIPAL1701 | B46: 43393 | C46: HarvestRipe | D46: 13 | E46: 0 | F46: 95.333333 | G46: 2.8867513 | H46: 104.33333 | I46: 1.5275252 | J46: 124 | K46: 1 | L46: 137 | M46: 0 | N46: 106.5263 | O46: 33.069574 | P46: 555.33333 | Q46: 138.12072 | R46: 0.19009481 | S46: 0.016594231 | T46: 0.040133333 | U46: 0.0018502252
A47: RoseworthyTOSbyIrr6Jun2018IrrigatedCvCommando | B47: 43405 | C47: HarvestRipe | D47: 13 | E47: 0 | F47: 124 | G47: 1.7320508 | H47: 127.66667 | I47: 1.1547005 | J47: 142.66667 | K47: 10.969655 | L47: 149 | M47: 0 | N47: 32.880208 | O47: 8.3493856 | P47: 451.33333 | Q47: 53.313538 | R47: 0.074999313 | S47: 0.027392425 | T47: 0.0326 | U47: 0.0018083141
A48: RoseworthyTOSbyIrr6Jun2018IrrigatedCvIndianhead | B48: 43405 | C48: HarvestRipe | D48: 13 | E48: 0 | F48: 119 | G48: 10.392305 | H48: 125.33333 | I48: 2.8867513 | J48: 149 | K48: 0 | L48: 149 | M48: 0 | N48: 59.054688 | O48: 71.053183 | P48: 518.5 | Q48: 249.60869 | R48: 0.091514617 | S48: 0.092980403 | T48: 0.0302 | U48: 0.014142136
A49: RoseworthyTOSbyIrr6Jun2018IrrigatedCvMatilda | B49: 43401 | C49: HarvestRipe | D49: 13 | E49: 0 | F49: 102.33333 | G49: 1.1547005 | H49: 112.33333 | I49: 2.3094011 | J49: 129.66667 | K49: 3.5118846 | L49: 145 | M49: 6.9282032 | N49: 142.60417 | O49: 40.210045 | P49: 807 | Q49: 199.34643 | R49: 0.17620966 | S49: 0.013057245 | T49: 0.044523333 | U49: 0.0032524811
A50: RoseworthyTOSbyIrr6Jun2018IrrigatedCvNipper | B50: 43402 | C50: HarvestRipe | D50: 13 | E50: 0 | F50: 105.66667 | G50: 2.081666 | H50: 115 | I50: 0 | J50: 128.66667 | K50: 2.3094011 | L50: 146.33333 | M50: 4.6188022 | N50: 108.03333 | O50: 24.918129 | P50: 517.5 | Q50: 75.660426 | R50: 0.18250688 | S50: 0.011204549 | T50: 0.03105 | U50: 0.00091923882
A51: RoseworthyTOSbyIrr6Jun2018IrrigatedCvNugget | B51: 43401 | C51: HarvestRipe | D51: 13 | E51: 0 | F51: 103.66667 | G51: 0.57735027 | H51: 115 | I51: 0 | J51: 130 | K51: 0 | L51: 145.66667 | M51: 5.7735027 | N51: 87.960938 | O51: 13.031735 | P51: 489.33333 | Q51: 88.325157 | R51: 0.18056012 | S51: 0.0070532423 | T51: 0.037766667 | U51: 0.0004163332
A52: RoseworthyTOSbyIrr6Jun2018IrrigatedCvNorthfield | B52: 43402 | C52: HarvestRipe | D52: 13 | E52: 0 | F52: 104.33333 | G52: 2.3094011 | H52: 117.33333 | I52: 4.0414519 | J52: 130 | K52: 0 | L52: 146 | M52: 5.1961524 | N52: 117.42188 | O52: 69.007488 | P52: 455 | Q52: 89.095454 | R52: 0.17285856 | S52: 0.022848181 | T52: 0.0316 | U52: 0.00056568542
A53: RoseworthyTOSbyIrr6Jun2018IrrigatedCvAce | B53: 43401 | C53: HarvestRipe | D53: 13 | E53: 0 | F53: 101.33333 | G53: 1.1547005 | H53: 112.66667 | I53: 4.0414519 | J53: 128 | K53: 3.4641016 | L53: 145 | M53: 6.9282032 | N53: 109.86198 | O53: 15.611178 | P53: 620.33333 | Q53: 121.25318 | R53: 0.17846893 | S53: 0.010894595 | T53: 0.0373 | U53: 0.0026888659
A54: RoseworthyTOSbyIrr6Jun2018IrrigatedCvBlitz | B54: 43399 | C54: HarvestRipe | D54: 13 | E54: 0 | F54: 97 | G54: 0 | H54: 105 | I54: 1 | J54: 130.33333 | K54: 0.57735027 | L54: 143 | M54: 5.2915026 | N54: 137.34375 | O54: 9.5017474 | P54: 748.5 | Q54: 60.104076 | R54: 0.18357415 | S54: 0.0020465029 | T54: 0.04165 | U54: 0.0023334524
A55: RoseworthyTOSbyIrr6Jun2018IrrigatedCvBolt | B55: 43401 | C55: HarvestRipe | D55: 13 | E55: 0 | F55: 100.33333 | G55: 1.5275252 | H55: 112.33333 | I55: 2.3094011 | J55: 131.33333 | K55: 7.0945989 | L55: 145.33333 | M55: 6.350853 | N55: 156.84141 | O55: 81.235971 | P55: 1001 | Q55: 625.08239 | R55: 0.18964976 | S55: 0.022733123 | T55: 0.039843333 | U55: 0.0014413998
A56: RoseworthyTOSbyIrr6Jun2018IrrigatedCvFlash | B56: 43402 | C56: HarvestRipe | D56: 13 | E56: 0 | F56: 103.66667 | G56: 2.081666 | H56: 115.66667 | I56: 8.0829038 | J56: 130.66667 | K56: 1.1547005 | L56: 146.33333 | M56: 4.6188022 | N56: 118.53021 | O56: 71.455795 | P56: 572.33333 | Q56: 296.09514 | R56: 0.20011082 | S56: 0.02570398 | T56: 0.04339 | U56: 0.0046858617
A57: RoseworthyTOSbyIrr6Jun2018IrrigatedCvGreenfield | B57: 43402 | C57: HarvestRipe | D57: 13 | E57: 0 | F57: 102.33333 | G57: 2.081666 | H57: 113.66667 | I57: 2.3094011 | J57: 136.33333 | K57: 10.969655 | L57: 146.33333 | M57: 4.6188022 | N57: 108.84115 | O57: 46.270918 | P57: 673.66667 | Q57: 317.27328 | R57: 0.16364587 | S57: 0.0070330545 | T57: 0.049833333 | U57: 0.0011503623
... A149: RoseworthyTOSbyIrr24Jun2019RainfedCvNipper | B149: 43780 | C149: HarvestRipe | D149: 14 | E149: 0 | F149: 100 | G149: 0 | H149: 105 | I149: 0 | J149: 124 | K149: 0 | L149: 141 | M149: 0 | N149: 183.95172 | O149: 55.520074 | P149: 560.71552 | Q149: 164.73881 | R149: 0.32766222 | S149: 0.0027489668 | T149: 0.02795 | U149: 0.0033234019
A150: RoseworthyTOSbyIrr24Jun2019RainfedCvNugget | B150: 43769 | C150: HarvestRipe | D150: 14 | E150: 0 | F150: 96 | G150: 0 | H150: 101 | I150: 0 | J150: 124 | K150: 0 | L150: 130 | M150: 0 | N150: 230.32759 | P150: 701.11034 | R150: 0.32851831 | T150: 0.0355
A151: RoseworthyTOSbyIrr24Jun2019RainfedCvNorthfield | B151: 43780 | C151: HarvestRipe | D151: 14 | E151: 0 | F151: 99.666667 | G151: 2.3094011 | H151: 105.33333 | I151: 2.8867513 | J151: 124 | K151: 0 | L151: 141 | M151: 0 | N151: 169.74138 | O151: 32.498348 | P151: 591.11724 | Q151: 64.156916 | R151: 0.28573815 | S151: 0.029501419 | T151: 0.026566667 | U151: 0.0006350853
A152: RoseworthyTOSbyIrr24Jun2019RainfedCvAce | B152: 43776 | C152: HarvestRipe | D152: 14 | E152: 0 | F152: 96 | G152: 4.3588989 | H152: 102.66667 | I152: 3.2145503 | J152: 122.33333 | K152: 2.8867513 | L152: 137 | M152: 6.9282032 | N152: 168.73448 | O152: 41.356676 | P152: 620.24828 | Q152: 21.601527 | R152: 0.27267593 | S152: 0.068932209 | T152: 0.040166667 | U152: 0.004315476
A153: RoseworthyTOSbyIrr24Jun2019RainfedCvBlitz | B153: 43772 | C153: HarvestRipe | D153: 14 | E153: 0 | F153: 89.333333 | G153: 5.7735027 | H153: 106.66667 | I153: 15.30795 | J153: 119.66667 | K153: 3.7859389 | L153: 133.33333 | M153: 6.6583281 | N153: 194.13103 | O153: 14.522042 | P153: 577.96207 | Q153: 176.29035 | R153: 0.35261048 | S153: 0.082384559 | T153: 0.0385 | U153: 0.001473092
A154: RoseworthyTOSbyIrr24Jun2019RainfedCvBolt | B154: 43780 | C154: HarvestRipe | D154: 14 | E154: 0 | F154: 96 | G154: 1 | H154: 102 | I154: 1 | J154: 124 | K154: 0 | L154: 141 | M154: 0 | N154: 200.71724 | O154: 21.690226 | P154: 676.61034 | Q154: 29.784967 | R154: 0.29610845 | S154: 0.018709281 | T154: 0.039233333 | U154: 0.00098149546
A155: RoseworthyTOSbyIrr24Jun2019RainfedCvFlash | B155: 43780 | C155: HarvestRipe | D155: 14 | E155: 0 | F155: 105 | G155: 14.071247 | H155: 103.25 | I155: 1.8929694 | J155: 124 | K155: 0 | L155: 141 | M155: 0 | N155: 233.61724 | O155: 27.573315 | P155: 741.83017 | Q155: 177.90139 | R155: 0.32191579 | S155: 0.042400806 | T155: 0.0414 | U155: 0.0017907168
A156: RoseworthyTOSbyIrr24Jun2019RainfedCvGreenfield | B156: 43780 | C156: HarvestRipe | D156: 14 | E156: 0 | F156: 97.333333 | G156: 0.57735027 | H156: 103 | I156: 1.7320508 | J156: 120.66667 | K156: 2.8867513 | L156: 141 | M156: 0 | N156: 206.41724 | O156: 60.269443 | P156: 752.87586 | Q156: 234.57982 | R156: 0.27535105 | S156: 0.030478935 | T156: 0.043866667 | U156: 0.0016258331
A157: RoseworthyTOSbyIrr24Jun2019RainfedCvGiant | B157: 43780 | C157: HarvestRipe | D157: 14 | E157: 0 | F157: 93 | G157: 4 | H157: 100 | I157: 3.6055513 | J157: 124 | K157: 0 | L157: 141 | M157: 0 | N157: 153.94138 | O157: 41.210288 | P157: 733.69655 | Q157: 196.89197 | R157: 0.20991431 | S157: 0.0084158242 | T157: 0.048266667 | U157: 0.0060135957
A158: RoseworthyTOSbyIrr24Jun2019RainfedCvHurricane | B158: 43780 | C158: HarvestRipe | D158: 14 | E158: 0 | F158: 99 | G158: 0 | H158: 104.66667 | I158: 0.57735027 | J158: 124 | K158: 0 | L158: 141 | M158: 0 | N158: 181.56207 | O158: 14.881472 | P158: 604.94828 | Q158: 30.553412 | R158: 0.29982653 | S158: 0.010909523 | T158: 0.029933333 | U158: 0.0011718931
A159: RoseworthyTOSbyIrr24Jun2019RainfedCvJumbo | B159: 43780 | C159: HarvestRipe | D159: 14 | E159: 0 | F159: 96.666667 | G159: 2.081666 | H159: 103.33333 | I159: 2.081666 | J159: 124 | K159: 0 | L159: 141 | M159: 0 | N159: 234.04828 | O159: 42.269176 | P159: 706.71379 | Q159: 24.304864 | R159: 0.33147147 | S159: 0.062357524 | T159: 0.0414 | U159: 0.0011269428
A160: RoseworthyTOSbyIrr24Jun2019RainfedCvJumbo2 | B160: 43777 | C160: HarvestRipe | D160: 14 | E160: 0 | F160: 97 | G160: 0.81649658 | H160: 102.5 | I160: 1.2909944 | J160: 124 | K160: 0 | L160: 138 | M160: 6 | N160: 145.39914 | O160: 91.727769 | P160: 567.18103 | Q160: 122.79111 | R160: 0.26847168 | S160: 0.1579527 | T160: 0.0432 | U160: 0.0040628397
A161: Emerald19TOS1CvBolt | B161: 43743 | C161: HarvestRipe | F161: 62.333333 | H161: 77.333333 | L161: 118 | N161: 138.40325 | O161: 9.2905251 | P161: 491.06667 | R161: 0.28384296
A162: Emerald19TOS2CvBolt | B162: 43753 | C162: HarvestRipe | F162: 64.666667 | H162: 73 | L162: 98 | N162: 111.15092 | O162: 5.112983 | P162: 392.76667 | R162: 0.28497728
A163: Emerald19TOS3CvBolt | B163: 43762 | C163: HarvestRipe | F163: 57.333333 | H163: 65 | L163: 103 | N163: 93.938619 | O163: 7.2526015 | P163: 271.86667 | R163: 0.34542374
A164: Emerald19TOS1CvAce | B164: 43743 | C164: HarvestRipe | F164: 63.666667 | H164: 76 | L164: 126 | N164: 112.9006 | O164: 8.5009022 | P164: 454.63333 | R164: 0.25237852
A165: Emerald19TOS2CvAce | B165: 43753 | C165: HarvestRipe | F165: 65.333333 | H165: 73 | L165: 114 | N165: 105.57949 | O165: 5.4211012 | P165: 420.16667 | R165: 0.25159407
A166: Emerald19TOS3CvAce | B166: 43762 | C166: HarvestRipe | F166: 61.666667 | H166: 67.333333 | L166: 115 | N166: 66.246704 | O166: 13.285556 | P166: 257.66667 | R166: 0.2549692
A167: Emerald19TOS1CvBlitz | B167: 43743 | C167: HarvestRipe | F167: 55.666667 | H167: 70 | L167: 118 | N167: 140.05515 | O167: 7.3406024 | P167: 455.66667 | R167: 0.30877541
A168: Emerald19TOS2CvBlitz | B168: 43753 | C168: HarvestRipe | F168: 58.666667 | H168: 67 | L168: 98 | N168: 101.17013 | O168: 12.207937 | P168: 372.96667 | R168: 0.26935702
A169: Emerald19TOS3CvBlitz | B169: 43762 | C169: HarvestRipe | F169: 52.333333 | H169: 60.333333 | L169: 103 | N169: 79.725343 | O169: 13.931172 | P169: 220.36667 | R169: 0.35716412
A170: Emerald19TOS1CvGreenfield | B170: 43743 | C170: HarvestRipe | F170: 64.333333 | H170: 77.666667 | L170: 126 | N170: 84.456185 | O170: 7.6688408 | P170: 386.2 | R170: 0.22168478
A171: Emerald19TOS2CvGreenfield | B171: 43753 | C171: HarvestRipe | F171: 65 | H171: 73 | L171: 114 | N171: 63.228238 | O171: 9.2453553 | P171: 313.16667 | R171: 0.20183571
A172: Emerald19TOS3CvGreenfield | B172: 43762 | C172: HarvestRipe | F172: 64 | H172: 73.333333 | L172: 115 | N172: 33.192459 | O172: 5.6741742 | P172: 203.9 | R172: 0.16085914
... A178: Emerald19TOS3CvJumbo2 | B178: 43762 | C178: HarvestRipe | F178: 54 | H178: 62 | L178: 103 | N178: 90.528956 | O178: 16.402691 | P178: 251.8 | R178: 0.35590116
A179: Horsham2001IrrDry | B179: 37186 | C179: HarvestRipe
A180: Horsham2001IrrDry | B180: 37239 | C180: HarvestRipe | N180: 251.54 | O180: 4.64 | P180: 568.07 | R180: 0.4425
A181: Horsham2001IrrWet | B181: 37186 | C181: HarvestRipe
A182: Horsham2001IrrWet | B182: 37239 | C182: HarvestRipe | N182: 390.14 | O182: 49.29 | P182: 822.39 | R182: 0.4725
A183: Mildura19TOS1CvJumbo2 | B183: 43759 | C183: HarvestRipe | F183: 95.666667 | L183: 173 | N183: 62.771577 | O183: 11.545337 | P183: 222.17262 | R183: 0.28156191
A184: Mildura19TOS1CvBlitz | B184: 43759 | C184: HarvestRipe | F184: 100 | L184: 173 | N184: 57.540923 | O184: 9.3148321 | P184: 225.71429 | R184: 0.25708124
A185: Mildura19TOS1CvAce | B185: 43759 | C185: HarvestRipe | F185: 95.666667 | L185: 173 | N185: 73.355655 | O185: 7.4695739 | P185: 235.08929 | R185: 0.32568643
A186: Mildura19TOS1CvHallmarkXT | B186: 43759 | C186: HarvestRipe | F186: 102.33333 | L186: 173 | N186: 75.00372 | O186: 5.7800589 | P186: 223.15476 | R186: 0.33905742
A187: Mildura19TOS1CvGreenfield | B187: 43769 | C187: HarvestRipe | F187: 104.33333 | L187: 183 | N187: 54.735863 | O187: 4.8219983 | P187: 166.78571 | R187: 0.32836207
A188: Mildura19TOS2CvJumbo2 | B188: 43759 | C188: HarvestRipe | F188: 125.33333 | L188: 173 | N188: 72.202381 | O188: 6.7393538 | P188: 202.32143 | R188: 0.35629938
A189: Mildura19TOS2CvBlitz | B189: 43759 | C189: HarvestRipe | F189: 120.33333 | L189: 173 | N189: 57.862351 | O189: 10.87729 | P189: 202.05357 | R189: 0.28214844
A190: Mildura19TOS2CvAce | B190: 43759 | C190: HarvestRipe | F190: 125.33333 | L190: 173 | N190: 77.055308 | O190: 4.2092968 | P190: 238.09524 | R190: 0.32463982
A191: Mildura19TOS2CvHallmarkXT | B191: 43759 | C191: HarvestRipe | F191: 125.33333 | L191: 173 | N191: 69.048363 | O191: 9.6613605 | P191: 235.56548 | R191: 0.29084221
A192: Mildura19TOS2CvGreenfield | B192: 43769 | C192: HarvestRipe | F192: 125.33333 | L192: 183 | N192: 57.195685 | O192: 5.7085485 | P192: 177.1131 | R192: 0.33432005
A193: Mildura19TOS3CvJumbo2 | B193: 43769 | C193: HarvestRipe | F193: 125.33333 | L193: 183 | N193: 42.644609 | O193: 4.692111 | P193: 96.607143 | R193: 0.43968164
A194: Mildura19TOS3CvBlitz | B194: 43769 | C194: HarvestRipe | F194: 128 | L194: 183 | N194: 50.212054 | O194: 10.565426 | P194: 130.20833 | R194: 0.37963504
... A197: Mildura19TOS3CvGreenfield | B197: 43769 | C197: HarvestRipe | F197: 130.33333 | L197: 183 | N197: 48.244048 | O197: 5.8563461 | P197: 165.47619 | R197: 0.29861436
A198: Caragabal19TOS1CvBlitz | B198: 43789 | C198: HarvestRipe | F198: 128.33333 | H198: 137 | L198: 196 | N198: 10.271884 | O198: 2.9582088 | P198: 51.449275 | R198: 0.19612198
A199: Caragabal19TOS1CvBolt | B199: 43789 | C199: HarvestRipe | F199: 131.06667 | H199: 133 | L199: 196 | N199: 10.081159 | O199: 4.7570684 | P199: 75.362319 | R199: 0.1491001
A200: Caragabal19TOS1CvGreenfield | B200: 43789 | C200: HarvestRipe | F200: 129.0625 | H200: 130 | L200: 196 | N200: 9.5089855 | O200: 1.0997719 | P200: 54.347826 | R200: 0.17424306
A201: Caragabal19TOS1CvHallmarkXT | B201: 43789 | C201: HarvestRipe | F201: 127.375 | H201: 130 | L201: 196 | N201: 12.955652 | O201: 1.3262158 | P201: 57.246377 | R201: 0.22741527
A202: Caragabal19TOS1CvJumbo2 | B202: 43789 | C202: HarvestRipe | F202: 128.35 | H202: 133 | L202: 196 | N202: 12.383478 | O202: 3.6801525 | P202: 50 | R202: 0.23766333
A203: Caragabal19TOS2CvBlitz | B203: 43789 | C203: HarvestRipe | F203: 97.5 | H203: 104 | L203: 156 | N203: 16.375072 | O203: 0.63854836 | P203: 48.550725 | R203: 0.33713676
A204: Caragabal19TOS2CvBolt | B204: 43789 | C204: HarvestRipe | F204: 96.6875 | H204: 104 | L204: 156 | N204: 17.655652 | O204: 1.7300913 | P204: 83.333333 | R204: 0.21523531
A205: Caragabal19TOS2CvGreenfield | B205: 43789 | C205: HarvestRipe | F205: 102.1875 | H205: 97 | L205: 156 | N205: 13.241739 | O205: 5.4744372 | P205: 61.594203 | R205: 0.19326994
A206: Caragabal19TOS2CvHallmarkXT | B206: 43789 | C206: HarvestRipe | F206: 96.818182 | H206: 97 | L206: 156 | N206: 33.036232 | O206: 15.776946 | P206: 90.57971 | R206: 0.35259276
A207: Caragabal19TOS2CvJumbo2 | B207: 43789 | C207: HarvestRipe | F207: 97.642857 | H207: 104 | L207: 156 | N207: 26.510725 | O207: 3.707385 | P207: 71.014493 | R207: 0.3736127
A208: Greenethorpe19TOS1CvAceIrr0 | B208: 43766 | C208: HarvestRipe | D208: 13 | F208: 112 | H208: 132 | L208: 181 | N208: 45.177536 | O208: 5.2997126 | P208: 295.98 | R208: 0.1536746
A209: Greenethorpe19TOS2CvAceIrr0 | B209: 43761 | C209: HarvestRipe | F209: 105 | H209: 128 | L209: 155 | N209: 91.813406 | O209: 3.0243452 | P209: 359.33 | R209: 0.27311012
A210: Greenethorpe19TOS3CvAceIrr0 | B210: 43770 | C210: HarvestRipe | H210: 103 | L210: 138 | N210: 59.789855 | O210: 5.4883754 | P210: 181.29 | R210: 0.32797368
A211: Greenethorpe19TOS1CvAceIrr1 | B211: 43766 | C211: HarvestRipe | D211: 13 | F211: 112 | H211: 139 | L211: 181 | N211: 110.84601 | O211: 6.572291 | P211: 467.14 | R211: 0.23793144
A212: Greenethorpe19TOS2CvAceIrr1 | B212: 43766 | C212: HarvestRipe | F212: 105 | H212: 125 | L212: 160 | N212: 139.89312 | O212: 14.273649 | P212: 421.8 | R212: 0.33112302
A213: Greenethorpe19TOS3CvAceIrr1 | B213: 43770 | C213: HarvestRipe | H213: 110 | L213: 138 | N213: 105.22283 | O213: 7.7044961 | P213: 342.21 | R213: 0.30781531
A214: Greenethorpe19TOS1CvBlitzIrr0 | B214: 43763 | C214: HarvestRipe | D214: 13 | F214: 112 | H214: 132 | L214: 176 | N214: 53.032609 | O214: 7.867374 | P214: 330.36 | R214: 0.15887914
A215: Greenethorpe19TOS2CvBlitzIrr0 | B215: 43761 | C215: HarvestRipe | F215: 105 | H215: 118 | L215: 155 | N215: 80.938406 | O215: 7.9457581 | P215: 252.95 | R215: 0.31668755
A216: Greenethorpe19TOS3CvBlitzIrr0 | B216: 43763 | C216: HarvestRipe | H216: 103 | L216: 133 | N216: 44.219203 | O216: 5.1006539 | P216: 146.29 | R216: 0.2971465
A217: Greenethorpe19TOS1CvBlitzIrr1 | B217: 43766 | C217: HarvestRipe | D217: 13 | F217: 112 | H217: 139 | L217: 181 | N217: 117.36232 | O217: 13.161315 | P217: 442.13 | R217: 0.26394064
A218: Greenethorpe19TOS2CvBlitzIrr1 | B218: 43766 | C218: HarvestRipe | F218: 105 | H218: 125 | L218: 160 | N218: 142.37681 | O218: 9.2264434 | P218: 366.74 | R218: 0.38681253
A219: Greenethorpe19TOS3CvBlitzIrr1 | B219: 43767 | C219: HarvestRipe | H219: 103 | L219: 133 | N219: 95.402174 | O219: 7.2464949 | P219: 268.1 | R219: 0.35527217
A220: Greenethorpe19TOS1CvJumbo2Irr0 | B220: 43764 | C220: HarvestRipe | D220: 13 | F220: 112 | H220: 132 | L220: 176 | N220: 51.125 | O220: 7.4827699 | P220: 298.38 | R220: 0.17353576
A221: Greenethorpe19TOS2CvJumbo2Irr0 | B221: 43761 | C221: HarvestRipe | F221: 105 | H221: 118 | L221: 155 | N221: 78.253623 | O221: 3.0477735 | P221: 252.84 | R221: 0.31103961
A222: Greenethorpe19TOS3CvJumbo2Irr0 | B222: 43770 | C222: HarvestRipe | H222: 103 | L222: 138 | N222: 50.771739 | O222: 6.198212 | P222: 154.6 | R222: 0.32445233
A223: Greenethorpe19TOS1CvJumbo2Irr1 | B223: 43766 | C223: HarvestRipe | D223: 13 | F223: 112 | H223: 139 | L223: 181 | N223: 95.509058 | O223: 5.178689 | P223: 396.86 | R223: 0.2414555
A224: Greenethorpe19TOS2CvJumbo2Irr1 | B224: 43766 | C224: HarvestRipe | F224: 105 | H224: 125 | L224: 160 | N224: 148.65217 | O224: 12.463693 | P224: 422.4 | R224: 0.3511346
A225: Greenethorpe19TOS3CvJumbo2Irr1 | B225: 43770 | C225: HarvestRipe | H225: 110 | L225: 138 | N225: 108.74457 | O225: 8.1037022 | P225: 347.97 | R225: 0.32145912
A226: GreenethorpePhen19TOS1CvAce | B226: 43718 | C226: HarvestRipe | D226: 7 | F226: 112 | H226: 145
A227: GreenethorpePhen19TOS2CvAce | B227: 43729 | C227: HarvestRipe | D227: 15 | F227: 112 | H227: 123
A228: GreenethorpePhen19TOS1CvBlitz | B228: 43718 | C228: HarvestRipe | D228: 7 | F228: 89 | H228: 145
...
